{"type": "FeatureCollection", "features": [{"type": "Feature", "geometry": {"type": "Point", "coordinates": [-117.89085764842322, 33.78153183113429]}, "properties": {"chain": "chagee", "name": "CHAGEE", "sector": "tea", "fr": 0, "fdd": 0, "kind": "store", "status": "open", "address": "20 City Boulevard West Suite 916", "city": "Orange", "state": "CA"}}, {"type": "Feature", "geometry": {"type": "Point", "coordinates": [-117.21261287116432, 32.872296319391566]}, "properties": {"chain": "chagee", "name": "CHAGEE", "sector": "tea", "fr": 0, "fdd": 0, "kind": "store", "status": "open", "address": "4301 La Jolla Village Drive", "city": "La Jolla", "state": "CA"}}, {"type": "Feature", "geometry": {"type": "Point", "coordinates": [-118.25589482208798, 34.143981789065165]}, "properties": {"chain": "chagee", "name": "CHAGEE", "sector": "tea", "fr": 0, "fdd": 0, "kind": "store", "status": "open", "address": "775 Americana Way", "city": "Glendale", "state": "CA"}}, {"type": "Feature", "geometry": {"type": "Point", "coordinates": [-117.55837216825225, 34.072995316905995]}, "properties": {"chain": "chagee", "name": "CHAGEE", "sector": "tea", "fr": 0, "fdd": 0, "kind": "store", "status": "open", "address": "929 N Milliken Ave", "city": "Ontario", "state": "CA"}}, {"type": "Feature", "geometry": {"type": "Point", "coordinates": [-117.66959944456288, 33.558355525905235]}, "properties": {"chain": "chagee", "name": "CHAGEE", "sector": "tea", "fr": 0, "fdd": 0, "kind": "store", "status": "open", "address": "555 The Shops At Mission Viejo", "city": "Mission Viejo", "state": "CA"}}, {"type": "Feature", "geometry": {"type": "Point", "coordinates": [-118.13420691757476, 33.759802107981784]}, "properties": {"chain": "chagee", "name": "CHAGEE", "sector": "tea", "fr": 0, "fdd": 0, "kind": "store", "status": "open", "address": "5246 E. Second Street", "city": "Long Beach", "state": "CA"}}, {"type": "Feature", "geometry": {"type": "Point", "coordinates": [-118.39407129607335, 33.98652112826318]}, "properties": {"chain": "chagee", "name": "CHAGEE", "sector": "tea", "fr": 0, "fdd": 0, "kind": "store", "status": "open", "address": "6000 SEPULVEDA BLVD", "city": "CUVLER CITY", "state": "CA"}}, {"type": "Feature", "geometry": {"type": "Point", "coordinates": [-118.43610271668702, 34.15678321919784]}, "properties": {"chain": "chagee", "name": "CHAGEE", "sector": "tea", "fr": 0, "fdd": 0, "kind": "store", "status": "open", "address": "14006 Riverside Dr Space 249A", "city": "San Fernando Valley", "state": "CA"}}, {"type": "Feature", "geometry": {"type": "Point", "coordinates": [-117.88546233040766, 33.91585121066026]}, "properties": {"chain": "chagee", "name": "CHAGEE", "sector": "tea", "fr": 0, "fdd": 0, "kind": "store", "status": "open", "address": "1065 Brea Mall", "city": "Brea", "state": "CA"}}, {"type": "Feature", "geometry": {"type": "Point", "coordinates": [-118.3495886266597, 33.83267028368388]}, "properties": {"chain": "chagee", "name": "CHAGEE", "sector": "tea", "fr": 0, "fdd": 0, "kind": "store", "status": "open", "address": "3525 W Carson St", "city": "Torrance", "state": "CA"}}, {"type": "Feature", "geometry": {"type": "Point", "coordinates": [-118.41898798805362, 34.058845830638425]}, "properties": {"chain": "chagee", "name": "CHAGEE", "sector": "tea", "fr": 0, "fdd": 0, "kind": "store", "status": "open", "address": "10250 Santa Monica Blvd", "city": "Los Angeles", "state": "CA"}}, {"type": "Feature", "geometry": {"type": "Point", "coordinates": [-96.80324, 33.111973]}, "properties": {"chain": "haidilao", "name": "Haidilao", "sector": "food_drink", "fr": 0, "fdd": 0, "kind": "store", "status": "open", "address": "9244 Prestmont Place Ste 200", "city": "Frisco", "state": "TX"}}, {"type": "Feature", "geometry": {"type": "Point", "coordinates": [-87.62341, 41.85274]}, "properties": {"chain": "haidilao", "name": "Haidilao", "sector": "food_drink", "fr": 0, "fdd": 0, "kind": "store", "status": "open", "address": "107 E Cermak Rd", "city": "Chicago", "state": "IL"}}, {"type": "Feature", "geometry": {"type": "Point", "coordinates": [-95.77273, 29.788647]}, "properties": {"chain": "haidilao", "name": "Haidilao", "sector": "food_drink", "fr": 0, "fdd": 0, "kind": "store", "status": "open", "address": "23220 Grand Circle Boulevard", "city": "Katy", "state": "TX"}}, {"type": "Feature", "geometry": {"type": "Point", "coordinates": [-111.87595, 33.412502]}, "properties": {"chain": "haidilao", "name": "Haidilao", "sector": "food_drink", "fr": 0, "fdd": 0, "kind": "store", "status": "open", "address": "138 S Dobson Rd #116", "city": "Mesa", "state": "AZ"}}, {"type": "Feature", "geometry": {"type": "Point", "coordinates": [-117.92695, 33.99468]}, "properties": {"chain": "haidilao", "name": "Haidilao", "sector": "food_drink", "fr": 0, "fdd": 0, "kind": "store", "status": "open", "address": "1560 S Azusa Ave Unit 178", "city": "City of Industry", "state": "CA"}}, {"type": "Feature", "geometry": {"type": "Point", "coordinates": [-117.211296, 32.871243]}, "properties": {"chain": "haidilao", "name": "Haidilao", "sector": "food_drink", "fr": 0, "fdd": 0, "kind": "store", "status": "open", "address": "4545 La Jolla Village Drive Suite F9", "city": "San Diego", "state": "CA"}}, {"type": "Feature", "geometry": {"type": "Point", "coordinates": [-118.05291, 34.13358]}, "properties": {"chain": "haidilao", "name": "Haidilao", "sector": "food_drink", "fr": 0, "fdd": 0, "kind": "store", "status": "open", "address": "400s Baldwin Ave Ste 2015", "city": "Arcadia", "state": "CA"}}, {"type": "Feature", "geometry": {"type": "Point", "coordinates": [-117.83419, 33.68793]}, "properties": {"chain": "haidilao", "name": "Haidilao", "sector": "food_drink", "fr": 0, "fdd": 0, "kind": "store", "status": "open", "address": "2710 Alton Parkway Ste 215", "city": "Irvine", "state": "CA"}}, {"type": "Feature", "geometry": {"type": "Point", "coordinates": [-118.41887, 34.059063]}, "properties": {"chain": "haidilao", "name": "Haidilao", "sector": "food_drink", "fr": 0, "fdd": 0, "kind": "store", "status": "open", "address": "10250 Santa Monica Boulevard Suite 2610", "city": "Los Angeles", "state": "CA"}}, {"type": "Feature", "geometry": {"type": "Point", "coordinates": [-121.976585, 37.50339]}, "properties": {"chain": "haidilao", "name": "Haidilao", "sector": "food_drink", "fr": 0, "fdd": 0, "kind": "store", "status": "open", "address": "43349 Boscell Road", "city": "Fremont", "state": "CA"}}, {"type": "Feature", "geometry": {"type": "Point", "coordinates": [-122.00917, 37.32393]}, "properties": {"chain": "haidilao", "name": "Haidilao", "sector": "food_drink", "fr": 0, "fdd": 0, "kind": "store", "status": "open", "address": "19409 Stevens Creek Blvd #100", "city": "Cupertino", "state": "CA"}}, {"type": "Feature", "geometry": {"type": "Point", "coordinates": [-122.25941, 47.45779]}, "properties": {"chain": "haidilao", "name": "Haidilao", "sector": "food_drink", "fr": 0, "fdd": 0, "kind": "store", "status": "open", "address": "1060 Southcenter Mall", "city": "Tukwila", "state": "WA"}}, {"type": "Feature", "geometry": {"type": "Point", "coordinates": [-122.19839, 47.61192]}, "properties": {"chain": "haidilao", "name": "Haidilao", "sector": "food_drink", "fr": 0, "fdd": 0, "kind": "store", "status": "open", "address": "188 106th Avenue NE ste 210", "city": "Bellevue", "state": "WA"}}, {"type": "Feature", "geometry": {"type": "Point", "coordinates": [-122.335106, 47.612854]}, "properties": {"chain": "haidilao", "name": "Haidilao", "sector": "food_drink", "fr": 0, "fdd": 0, "kind": "store", "status": "open", "address": "600 Pine Street", "city": "Seattle", "state": "WA"}}, {"type": "Feature", "geometry": {"type": "Point", "coordinates": [-73.82775, 40.761295]}, "properties": {"chain": "haidilao", "name": "Haidilao", "sector": "food_drink", "fr": 0, "fdd": 0, "kind": "store", "status": "open", "address": "138-23 39th Avenue", "city": "Flushing", "state": "NY"}}, {"type": "Feature", "geometry": {"type": "Point", "coordinates": [-73.99251, 40.730573]}, "properties": {"chain": "luckin", "name": "Luckin Coffee", "sector": "coffee", "fr": 0, "fdd": 0, "kind": "store", "status": "open", "address": "755 Broadway", "city": "New York", "state": "NY"}}, {"type": "Feature", "geometry": {"type": "Point", "coordinates": [-73.990867, 40.745444]}, "properties": {"chain": "luckin", "name": "Luckin Coffee", "sector": "coffee", "fr": 0, "fdd": 0, "kind": "store", "status": "open", "address": "800 6th Ave", "city": "New York", "state": "NY"}}, {"type": "Feature", "geometry": {"type": "Point", "coordinates": [-73.984527, 40.764572]}, "properties": {"chain": "luckin", "name": "Luckin Coffee", "sector": "coffee", "fr": 0, "fdd": 0, "kind": "store", "status": "open", "address": "901 8th Ave", "city": "New York", "state": "NY"}}, {"type": "Feature", "geometry": {"type": "Point", "coordinates": [-74.006639, 40.709591]}, "properties": {"chain": "luckin", "name": "Luckin Coffee", "sector": "coffee", "fr": 0, "fdd": 0, "kind": "store", "status": "open", "address": "102 Fulton St", "city": "New York", "state": "NY"}}, {"type": "Feature", "geometry": {"type": "Point", "coordinates": [-74.007083, 40.706866]}, "properties": {"chain": "luckin", "name": "Luckin Coffee", "sector": "coffee", "fr": 0, "fdd": 0, "kind": "store", "status": "open", "address": "100 Maiden Ln", "city": "New York", "state": "NY"}}, {"type": "Feature", "geometry": {"type": "Point", "coordinates": [-73.987551, 40.75223]}, "properties": {"chain": "luckin", "name": "Luckin Coffee", "sector": "coffee", "fr": 0, "fdd": 0, "kind": "store", "status": "open", "address": "1375 Broadway", "city": "New York", "state": "NY"}}, {"type": "Feature", "geometry": {"type": "Point", "coordinates": [-73.999112, 40.754506]}, "properties": {"chain": "luckin", "name": "Luckin Coffee", "sector": "coffee", "fr": 0, "fdd": 0, "kind": "store", "status": "open", "address": "410 10th Ave", "city": "New York", "state": "NY"}}, {"type": "Feature", "geometry": {"type": "Point", "coordinates": [-73.9958, 40.718745]}, "properties": {"chain": "luckin", "name": "Luckin Coffee", "sector": "coffee", "fr": 0, "fdd": 0, "kind": "store", "status": "open", "address": "221 Grand St", "city": "New York", "state": "NY"}}, {"type": "Feature", "geometry": {"type": "Point", "coordinates": [-73.986578, 40.733996]}, "properties": {"chain": "luckin", "name": "Luckin Coffee", "sector": "coffee", "fr": 0, "fdd": 0, "kind": "store", "status": "open", "address": "147 3rd Ave", "city": "New York", "state": "NY"}}, {"type": "Feature", "geometry": {"type": "Point", "coordinates": [-73.975164, 40.758568]}, "properties": {"chain": "luckin", "name": "Luckin Coffee", "sector": "coffee", "fr": 0, "fdd": 0, "kind": "store", "status": "open", "address": "488 Madison Ave", "city": "New York", "state": "NY"}}, {"type": "Feature", "geometry": {"type": "Point", "coordinates": [-73.996369, 40.738119]}, "properties": {"chain": "luckin", "name": "Luckin Coffee", "sector": "coffee", "fr": 0, "fdd": 0, "kind": "store", "status": "open", "address": "555 6th Ave", "city": "New York", "state": "NY"}}, {"type": "Feature", "geometry": {"type": "Point", "coordinates": [-73.999654, 40.728342]}, "properties": {"chain": "luckin", "name": "Luckin Coffee", "sector": "coffee", "fr": 0, "fdd": 0, "kind": "store", "status": "open", "address": "154 Bleecker St", "city": "New York", "state": "NY"}}, {"type": "Feature", "geometry": {"type": "Point", "coordinates": [-73.967962, 40.801305]}, "properties": {"chain": "luckin", "name": "Luckin Coffee", "sector": "coffee", "fr": 0, "fdd": 0, "kind": "store", "status": "open", "address": "2799 Broadway", "city": "New York", "state": "NY"}}, {"type": "Feature", "geometry": {"type": "Point", "coordinates": [-73.976589, 40.750583]}, "properties": {"chain": "luckin", "name": "Luckin Coffee", "sector": "coffee", "fr": 0, "fdd": 0, "kind": "store", "status": "open", "address": "369 Lexington Ave", "city": "New York", "state": "NY"}}, {"type": "Feature", "geometry": {"type": "Point", "coordinates": [-73.995912, 40.758907]}, "properties": {"chain": "luckin", "name": "Luckin Coffee", "sector": "coffee", "fr": 0, "fdd": 0, "kind": "store", "status": "open", "address": "550 10th Ave", "city": "New York", "state": "NY"}}, {"type": "Feature", "geometry": {"type": "Point", "coordinates": [-73.998703, 40.744878]}, "properties": {"chain": "luckin", "name": "Luckin Coffee", "sector": "coffee", "fr": 0, "fdd": 0, "kind": "store", "status": "open", "address": "244 8th Ave", "city": "New York", "state": "NY"}}, {"type": "Feature", "geometry": {"type": "Point", "coordinates": [-73.98389, 40.73769]}, "properties": {"chain": "luckin", "name": "Luckin Coffee", "sector": "coffee", "fr": 0, "fdd": 0, "kind": "store", "status": "open", "address": "261 3rd Avenue", "city": "New York", "state": "NY"}}, {"type": "Feature", "geometry": {"type": "Point", "coordinates": [-73.980614, 40.742184]}, "properties": {"chain": "luckin", "name": "Luckin Coffee", "sector": "coffee", "fr": 0, "fdd": 0, "kind": "store", "status": "open", "address": "401 3rd Ave", "city": "New York", "state": "NY"}}, {"type": "Feature", "geometry": {"type": "Point", "coordinates": [-73.977346, 40.753958]}, "properties": {"chain": "luckin", "name": "Luckin Coffee", "sector": "coffee", "fr": 0, "fdd": 0, "kind": "store", "status": "open", "address": "52 Vanderbilt Ave", "city": "New York", "state": "NY"}}, {"type": "Feature", "geometry": {"type": "Point", "coordinates": [-73.971877, 40.754413]}, "properties": {"chain": "luckin", "name": "Luckin Coffee", "sector": "coffee", "fr": 0, "fdd": 0, "kind": "store", "status": "open", "address": "770 3rd Ave", "city": "New York", "state": "NY"}}, {"type": "Feature", "geometry": {"type": "Point", "coordinates": [-73.989857, 40.748926]}, "properties": {"chain": "luckin", "name": "Luckin Coffee", "sector": "coffee", "fr": 0, "fdd": 0, "kind": "store", "status": "open", "address": "128 W 32nd St", "city": "New York", "state": "NY"}}, {"type": "Feature", "geometry": {"type": "Point", "coordinates": [-74.00543, 40.727397]}, "properties": {"chain": "luckin", "name": "Luckin Coffee", "sector": "coffee", "fr": 0, "fdd": 0, "kind": "store", "status": "open", "address": "180 Varick St", "city": "New York", "state": "NY"}}, {"type": "Feature", "geometry": {"type": "Point", "coordinates": [-122.2715028, 47.8302006]}, "properties": {"chain": "miniso", "name": "MINISO", "sector": "lifestyle_variety", "fr": 1, "fdd": 1, "kind": "store", "status": "open", "address": "3000 184th St SW Ste #986", "city": "Lynnwood", "state": "WA"}}, {"type": "Feature", "geometry": {"type": "Point", "coordinates": [-76.6805684, 39.0398724]}, "properties": {"chain": "miniso", "name": "MINISO", "sector": "lifestyle_variety", "fr": 1, "fdd": 1, "kind": "store", "status": "open", "address": "2640 Chapel Lake Dr", "city": "Gambrills", "state": "MD"}}, {"type": "Feature", "geometry": {"type": "Point", "coordinates": [-74.0813657, 40.918999]}, "properties": {"chain": "miniso", "name": "MINISO", "sector": "lifestyle_variety", "fr": 1, "fdd": 1, "kind": "store", "status": "open", "address": "One Garden State Plaza Pkwy Ste #T7", "city": "Paramus", "state": "NJ"}}, {"type": "Feature", "geometry": {"type": "Point", "coordinates": [-86.3584965, 39.71198589999999]}, "properties": {"chain": "miniso", "name": "MINISO", "sector": "lifestyle_variety", "fr": 1, "fdd": 1, "kind": "store", "status": "open", "address": "351 Marketplace Mile Ste #130", "city": "Plainfield", "state": "IN"}}, {"type": "Feature", "geometry": {"type": "Point", "coordinates": [-118.0486048, 33.939551]}, "properties": {"chain": "miniso", "name": "MINISO", "sector": "lifestyle_variety", "fr": 1, "fdd": 1, "kind": "store", "status": "open", "address": "13340 Telegraph Rd Ste #27", "city": "Santa Fe Springs", "state": "CA"}}, {"type": "Feature", "geometry": {"type": "Point", "coordinates": [-105.0888051, 39.611724]}, "properties": {"chain": "miniso", "name": "MINISO", "sector": "lifestyle_variety", "fr": 1, "fdd": 1, "kind": "store", "status": "open", "address": "8055 W Bowles Ave Ste #300", "city": "Littleton", "state": "CO"}}, {"type": "Feature", "geometry": {"type": "Point", "coordinates": [-84.5014279, 39.3883722]}, "properties": {"chain": "miniso", "name": "MINISO", "sector": "lifestyle_variety", "fr": 1, "fdd": 1, "kind": "store", "status": "open", "address": "3417 Princeton Rd Ste #117", "city": "Hamilton", "state": "OH"}}, {"type": "Feature", "geometry": {"type": "Point", "coordinates": [-73.7882796, 41.0315915]}, "properties": {"chain": "miniso", "name": "MINISO", "sector": "lifestyle_variety", "fr": 1, "fdd": 1, "kind": "store", "status": "open", "address": "401 Central Ave", "city": "Hartsdale", "state": "NY"}}, {"type": "Feature", "geometry": {"type": "Point", "coordinates": [-80.15883579999999, 26.0538548]}, "properties": {"chain": "miniso", "name": "MINISO", "sector": "lifestyle_variety", "fr": 1, "fdd": 1, "kind": "store", "status": "open", "address": "1769 Pointe Blvd", "city": "Dania Beach", "state": "FL"}}, {"type": "Feature", "geometry": {"type": "Point", "coordinates": [-82.91496819999999, 40.05099999999999]}, "properties": {"chain": "miniso", "name": "MINISO", "sector": "lifestyle_variety", "fr": 1, "fdd": 1, "kind": "store", "status": "open", "address": "160 Easton Town Ctr Ste #A103", "city": "Columbus", "state": "OH"}}, {"type": "Feature", "geometry": {"type": "Point", "coordinates": [-119.7202116, 39.5325037]}, "properties": {"chain": "miniso", "name": "MINISO", "sector": "lifestyle_variety", "fr": 1, "fdd": 1, "kind": "store", "status": "open", "address": "1330 Scheels Drive Ste #F108", "city": "Sparks", "state": "NV"}}, {"type": "Feature", "geometry": {"type": "Point", "coordinates": [-97.2870389, 32.8377228]}, "properties": {"chain": "miniso", "name": "MINISO", "sector": "lifestyle_variety", "fr": 1, "fdd": 1, "kind": "store", "status": "open", "address": "3930 NE Loop 820 Ste #100", "city": "Haltom City", "state": "TX"}}, {"type": "Feature", "geometry": {"type": "Point", "coordinates": [-73.88425, 40.747874]}, "properties": {"chain": "miniso", "name": "MINISO", "sector": "lifestyle_variety", "fr": 1, "fdd": 1, "kind": "store", "status": "open", "address": "37-62 82nd St", "city": "Flushing", "state": "NY"}}, {"type": "Feature", "geometry": {"type": "Point", "coordinates": [-122.2968345, 47.1583264]}, "properties": {"chain": "miniso", "name": "MINISO", "sector": "lifestyle_variety", "fr": 1, "fdd": 1, "kind": "store", "status": "open", "address": "3500 S Meridian #320", "city": "Puyallup", "state": "WA"}}, {"type": "Feature", "geometry": {"type": "Point", "coordinates": [-111.8872273, 40.6370043]}, "properties": {"chain": "miniso", "name": "MINISO", "sector": "lifestyle_variety", "fr": 1, "fdd": 1, "kind": "store", "status": "open", "address": "6191 S StateStreet", "city": "Murray", "state": "UT"}}, {"type": "Feature", "geometry": {"type": "Point", "coordinates": [-118.3134543, 34.183988]}, "properties": {"chain": "miniso", "name": "MINISO", "sector": "lifestyle_variety", "fr": 1, "fdd": 1, "kind": "store", "status": "open", "address": "201 E. Magnolia Blvd. Ste.275", "city": "Burbank", "state": "CA"}}, {"type": "Feature", "geometry": {"type": "Point", "coordinates": [-118.3774247, 34.0738653]}, "properties": {"chain": "miniso", "name": "MINISO", "sector": "lifestyle_variety", "fr": 1, "fdd": 1, "kind": "store", "status": "open", "address": "8500 Beverly Blvd.", "city": "Los Angeles", "state": "CA"}}, {"type": "Feature", "geometry": {"type": "Point", "coordinates": [-122.8661764, 42.3318473]}, "properties": {"chain": "miniso", "name": "MINISO", "sector": "lifestyle_variety", "fr": 1, "fdd": 1, "kind": "store", "status": "open", "address": "565 Medford Center", "city": "Medford", "state": "OR"}}, {"type": "Feature", "geometry": {"type": "Point", "coordinates": [-84.3406066, 33.9233696]}, "properties": {"chain": "miniso", "name": "MINISO", "sector": "lifestyle_variety", "fr": 1, "fdd": 1, "kind": "store", "status": "open", "address": "4400 Ashford Dunwoody Rd", "city": "Atlanta", "state": "GA"}}, {"type": "Feature", "geometry": {"type": "Point", "coordinates": [-96.6607634, 33.1243511]}, "properties": {"chain": "miniso", "name": "MINISO", "sector": "lifestyle_variety", "fr": 1, "fdd": 1, "kind": "store", "status": "open", "address": "170 E Stacy Rd Ste 2314", "city": "Allen", "state": "TX"}}, {"type": "Feature", "geometry": {"type": "Point", "coordinates": [-93.434653, 45.09290360000001]}, "properties": {"chain": "miniso", "name": "MINISO", "sector": "lifestyle_variety", "fr": 1, "fdd": 1, "kind": "store", "status": "open", "address": "12459 Elm Creek Blvd N", "city": "Maple Grove", "state": "MN"}}, {"type": "Feature", "geometry": {"type": "Point", "coordinates": [-119.676534, 36.3238487]}, "properties": {"chain": "miniso", "name": "MINISO", "sector": "lifestyle_variety", "fr": 1, "fdd": 1, "kind": "store", "status": "open", "address": "140 12th Ave", "city": "Hanford", "state": "CA"}}, {"type": "Feature", "geometry": {"type": "Point", "coordinates": [-84.62181009999999, 39.1447147]}, "properties": {"chain": "miniso", "name": "MINISO", "sector": "lifestyle_variety", "fr": 1, "fdd": 1, "kind": "store", "status": "open", "address": "6180-A Glenway Ave", "city": "Cincinnati", "state": "OH"}}, {"type": "Feature", "geometry": {"type": "Point", "coordinates": [-88.0564765, 43.0782746]}, "properties": {"chain": "miniso", "name": "MINISO", "sector": "lifestyle_variety", "fr": 1, "fdd": 1, "kind": "store", "status": "open", "address": "11500 W Burleigh St", "city": "Wauwatosa", "state": "WI"}}, {"type": "Feature", "geometry": {"type": "Point", "coordinates": [-82.455704, 27.3834802]}, "properties": {"chain": "miniso", "name": "MINISO", "sector": "lifestyle_variety", "fr": 1, "fdd": 1, "kind": "store", "status": "open", "address": "210 N Cattlemen Rd", "city": "Sarasota", "state": "FL"}}, {"type": "Feature", "geometry": {"type": "Point", "coordinates": [-120.0816885, 36.9760203]}, "properties": {"chain": "miniso", "name": "MINISO", "sector": "lifestyle_variety", "fr": 1, "fdd": 1, "kind": "store", "status": "open", "address": "2001 W Cleveland Ave", "city": "Madera", "state": "CA"}}, {"type": "Feature", "geometry": {"type": "Point", "coordinates": [-122.434842, 45.4999197]}, "properties": {"chain": "miniso", "name": "MINISO", "sector": "lifestyle_variety", "fr": 1, "fdd": 1, "kind": "store", "status": "open", "address": "312 NW Eastman Pkwy #312", "city": "Gresham", "state": "OR"}}, {"type": "Feature", "geometry": {"type": "Point", "coordinates": [-95.4169057, 29.7169956]}, "properties": {"chain": "miniso", "name": "MINISO", "sector": "lifestyle_variety", "fr": 1, "fdd": 1, "kind": "store", "status": "open", "address": "2501 Rice Boulevard", "city": "Houston", "state": "TX"}}, {"type": "Feature", "geometry": {"type": "Point", "coordinates": [-105.0289164, 40.5256755]}, "properties": {"chain": "miniso", "name": "MINISO", "sector": "lifestyle_variety", "fr": 1, "fdd": 1, "kind": "store", "status": "open", "address": "4357 Corbett Dr", "city": "Fort Collins", "state": "CO"}}, {"type": "Feature", "geometry": {"type": "Point", "coordinates": [-83.0430135, 40.0617958]}, "properties": {"chain": "miniso", "name": "MINISO", "sector": "lifestyle_variety", "fr": 1, "fdd": 1, "kind": "store", "status": "open", "address": "867 Bethel Rd", "city": "Columbus", "state": "OH"}}, {"type": "Feature", "geometry": {"type": "Point", "coordinates": [-81.81998109999999, 41.308652]}, "properties": {"chain": "miniso", "name": "MINISO", "sector": "lifestyle_variety", "fr": 1, "fdd": 1, "kind": "store", "status": "open", "address": "272 Southpark Center", "city": "Strongsville", "state": "OH"}}, {"type": "Feature", "geometry": {"type": "Point", "coordinates": [-90.5736129, 41.5608788]}, "properties": {"chain": "miniso", "name": "MINISO", "sector": "lifestyle_variety", "fr": 1, "fdd": 1, "kind": "store", "status": "open", "address": "320 W Kimberly Rd", "city": "Davenport", "state": "IA"}}, {"type": "Feature", "geometry": {"type": "Point", "coordinates": [-87.31164129999999, 41.46848500000001]}, "properties": {"chain": "miniso", "name": "MINISO", "sector": "lifestyle_variety", "fr": 1, "fdd": 1, "kind": "store", "status": "open", "address": "1930 Southlake Mall #536", "city": "Merrillville", "state": "IN"}}, {"type": "Feature", "geometry": {"type": "Point", "coordinates": [-95.5443384, 29.706065]}, "properties": {"chain": "miniso", "name": "MINISO", "sector": "lifestyle_variety", "fr": 1, "fdd": 1, "kind": "store", "status": "open", "address": "9100-9188 Bellaire Blvd", "city": "Houston", "state": "TX"}}, {"type": "Feature", "geometry": {"type": "Point", "coordinates": [-76.8609704, 39.2151279]}, "properties": {"chain": "miniso", "name": "MINISO", "sector": "lifestyle_variety", "fr": 1, "fdd": 1, "kind": "store", "status": "open", "address": "10300 Little Patuxent Pkwy Space #2645", "city": "Columbia", "state": "MD"}}, {"type": "Feature", "geometry": {"type": "Point", "coordinates": [-81.61755079999999, 41.13395329999999]}, "properties": {"chain": "miniso", "name": "MINISO", "sector": "lifestyle_variety", "fr": 1, "fdd": 1, "kind": "store", "status": "open", "address": "3265 W Market St #258a", "city": "Fairlawn", "state": "OH"}}, {"type": "Feature", "geometry": {"type": "Point", "coordinates": [-88.0661982, 44.4841376]}, "properties": {"chain": "miniso", "name": "MINISO", "sector": "lifestyle_variety", "fr": 1, "fdd": 1, "kind": "store", "status": "open", "address": "191 Bay Park Square", "city": "Green Bay", "state": "WI"}}, {"type": "Feature", "geometry": {"type": "Point", "coordinates": [-118.259898, 33.8430779]}, "properties": {"chain": "miniso", "name": "MINISO", "sector": "lifestyle_variety", "fr": 1, "fdd": 1, "kind": "store", "status": "open", "address": "20700 Avalon Blvd f15", "city": "Carson", "state": "CA"}}, {"type": "Feature", "geometry": {"type": "Point", "coordinates": [-97.4834563, 35.2397818]}, "properties": {"chain": "miniso", "name": "MINISO", "sector": "lifestyle_variety", "fr": 1, "fdd": 1, "kind": "store", "status": "open", "address": "1724 24th Ave NW", "city": "Norman", "state": "OK"}}, {"type": "Feature", "geometry": {"type": "Point", "coordinates": [-112.1096746, 33.7107164]}, "properties": {"chain": "miniso", "name": "MINISO", "sector": "lifestyle_variety", "fr": 1, "fdd": 1, "kind": "store", "status": "open", "address": "2501 W Happy Valley Rd #40", "city": "Phoenix", "state": "AZ"}}, {"type": "Feature", "geometry": {"type": "Point", "coordinates": [-115.1696476, 36.0537655]}, "properties": {"chain": "miniso", "name": "MINISO", "sector": "lifestyle_variety", "fr": 1, "fdd": 1, "kind": "store", "status": "open", "address": "7400 Las Vegas Blvd S #18", "city": "Las Vegas", "state": "NV"}}, {"type": "Feature", "geometry": {"type": "Point", "coordinates": [-85.6867039, 43.0236346]}, "properties": {"chain": "miniso", "name": "MINISO", "sector": "lifestyle_variety", "fr": 1, "fdd": 1, "kind": "store", "status": "open", "address": "3330 Alpine Ave NW i", "city": "Walker", "state": "MI"}}, {"type": "Feature", "geometry": {"type": "Point", "coordinates": [-118.30729, 33.7517384]}, "properties": {"chain": "miniso", "name": "MINISO", "sector": "lifestyle_variety", "fr": 1, "fdd": 1, "kind": "store", "status": "open", "address": "944 N Western Ave", "city": "San Pedro", "state": "CA"}}, {"type": "Feature", "geometry": {"type": "Point", "coordinates": [-111.899345, 33.3012297]}, "properties": {"chain": "miniso", "name": "MINISO", "sector": "lifestyle_variety", "fr": 1, "fdd": 1, "kind": "store", "status": "open", "address": "3111 W Chandler Blvd #2162", "city": "Chandler", "state": "AZ"}}, {"type": "Feature", "geometry": {"type": "Point", "coordinates": [-118.0873259, 33.8272864]}, "properties": {"chain": "miniso", "name": "MINISO", "sector": "lifestyle_variety", "fr": 1, "fdd": 1, "kind": "store", "status": "open", "address": "7364 Carson Blvd", "city": "Long Beach", "state": "CA"}}, {"type": "Feature", "geometry": {"type": "Point", "coordinates": [-119.7938546, 36.8499575]}, "properties": {"chain": "miniso", "name": "MINISO", "sector": "lifestyle_variety", "fr": 1, "fdd": 1, "kind": "store", "status": "open", "address": "7891 N Blackstone Ave", "city": "Fresno", "state": "CA"}}, {"type": "Feature", "geometry": {"type": "Point", "coordinates": [-80.09958329999999, 42.0678823]}, "properties": {"chain": "miniso", "name": "MINISO", "sector": "lifestyle_variety", "fr": 1, "fdd": 1, "kind": "store", "status": "open", "address": "5800 Peach St #260", "city": "Erie", "state": "PA"}}, {"type": "Feature", "geometry": {"type": "Point", "coordinates": [-81.4944008, 40.9827407]}, "properties": {"chain": "miniso", "name": "MINISO", "sector": "lifestyle_variety", "fr": 1, "fdd": 1, "kind": "store", "status": "open", "address": "790 Arlington Ridge #221", "city": "New Franklin", "state": "OH"}}, {"type": "Feature", "geometry": {"type": "Point", "coordinates": [-84.4224366, 38.0237154]}, "properties": {"chain": "miniso", "name": "MINISO", "sector": "lifestyle_variety", "fr": 1, "fdd": 1, "kind": "store", "status": "open", "address": "2312 Sir Barton Way #140", "city": "Lexington", "state": "KY"}}, {"type": "Feature", "geometry": {"type": "Point", "coordinates": [-121.2848097, 38.5955617]}, "properties": {"chain": "miniso", "name": "MINISO", "sector": "lifestyle_variety", "fr": 1, "fdd": 1, "kind": "store", "status": "open", "address": "10801 Olson Dr", "city": "Rancho Cordova", "state": "CA"}}, {"type": "Feature", "geometry": {"type": "Point", "coordinates": [-97.6789325, 30.4826918]}, "properties": {"chain": "miniso", "name": "MINISO", "sector": "lifestyle_variety", "fr": 1, "fdd": 1, "kind": "store", "status": "open", "address": "2701-A Parker Dr #201", "city": "Round Rock", "state": "TX"}}, {"type": "Feature", "geometry": {"type": "Point", "coordinates": [-97.31415059999999, 32.9118198]}, "properties": {"chain": "miniso", "name": "MINISO", "sector": "lifestyle_variety", "fr": 1, "fdd": 1, "kind": "store", "status": "open", "address": "9570 Sage Meadow Trail", "city": "Fort Worth", "state": "TX"}}, {"type": "Feature", "geometry": {"type": "Point", "coordinates": [-95.7748168, 29.6921531]}, "properties": {"chain": "miniso", "name": "MINISO", "sector": "lifestyle_variety", "fr": 1, "fdd": 1, "kind": "store", "status": "open", "address": "5564 W Grand Pkwy S", "city": "Richmond", "state": "TX"}}, {"type": "Feature", "geometry": {"type": "Point", "coordinates": [-119.2462208, 35.7442202]}, "properties": {"chain": "miniso", "name": "MINISO", "sector": "lifestyle_variety", "fr": 1, "fdd": 1, "kind": "store", "status": "open", "address": "720 Woollomes Ave #102", "city": "Delano", "state": "CA"}}, {"type": "Feature", "geometry": {"type": "Point", "coordinates": [-121.7500899, 37.9603138]}, "properties": {"chain": "miniso", "name": "MINISO", "sector": "lifestyle_variety", "fr": 1, "fdd": 1, "kind": "store", "status": "open", "address": "5461 Lone Tree Wy", "city": "Antioch", "state": "CA"}}, {"type": "Feature", "geometry": {"type": "Point", "coordinates": [-81.7396612, 41.3830015]}, "properties": {"chain": "miniso", "name": "MINISO", "sector": "lifestyle_variety", "fr": 1, "fdd": 1, "kind": "store", "status": "open", "address": "7759 W Ridgewood Dr", "city": "Parma", "state": "OH"}}, {"type": "Feature", "geometry": {"type": "Point", "coordinates": [-95.15571, 29.644233]}, "properties": {"chain": "miniso", "name": "MINISO", "sector": "lifestyle_variety", "fr": 1, "fdd": 1, "kind": "store", "status": "open", "address": "5622 Fairmont Pkwy", "city": "Pasadena", "state": "TX"}}, {"type": "Feature", "geometry": {"type": "Point", "coordinates": [-81.2027507, 28.5553801]}, "properties": {"chain": "miniso", "name": "MINISO", "sector": "lifestyle_variety", "fr": 1, "fdd": 1, "kind": "store", "status": "open", "address": "557 N Alafaya Trail #110", "city": "Orlando", "state": "FL"}}, {"type": "Feature", "geometry": {"type": "Point", "coordinates": [-117.5144, 33.8271904]}, "properties": {"chain": "miniso", "name": "MINISO", "sector": "lifestyle_variety", "fr": 1, "fdd": 1, "kind": "store", "status": "open", "address": "3359 Grand Oaks STE 105", "city": "Corona", "state": "CA"}}, {"type": "Feature", "geometry": {"type": "Point", "coordinates": [-115.1228613, 36.0109257]}, "properties": {"chain": "miniso", "name": "MINISO", "sector": "lifestyle_variety", "fr": 1, "fdd": 1, "kind": "store", "status": "open", "address": "9839 S Eastern Ave", "city": "Las Vegas", "state": "NV"}}, {"type": "Feature", "geometry": {"type": "Point", "coordinates": [-80.3301293, 25.7727949]}, "properties": {"chain": "miniso", "name": "MINISO", "sector": "lifestyle_variety", "fr": 1, "fdd": 1, "kind": "store", "status": "open", "address": "8297 W Flagler St", "city": "Miami", "state": "FL"}}, {"type": "Feature", "geometry": {"type": "Point", "coordinates": [-104.89171, 39.7811255]}, "properties": {"chain": "miniso", "name": "MINISO", "sector": "lifestyle_variety", "fr": 1, "fdd": 1, "kind": "store", "status": "open", "address": "8316 E Northfield Blvd #1630", "city": "Denver", "state": "CO"}}, {"type": "Feature", "geometry": {"type": "Point", "coordinates": [-74.43010079999999, 40.5491857]}, "properties": {"chain": "miniso", "name": "MINISO", "sector": "lifestyle_variety", "fr": 1, "fdd": 1, "kind": "store", "status": "open", "address": "4963 Stelton Rd", "city": "South Plainfield", "state": "NJ"}}, {"type": "Feature", "geometry": {"type": "Point", "coordinates": [-118.2328547, 33.9740642]}, "properties": {"chain": "miniso", "name": "MINISO", "sector": "lifestyle_variety", "fr": 1, "fdd": 1, "kind": "store", "status": "open", "address": "2130 E Florence Ave", "city": "Huntington Park", "state": "CA"}}, {"type": "Feature", "geometry": {"type": "Point", "coordinates": [-73.9874823, 40.755631]}, "properties": {"chain": "miniso", "name": "MINISO", "sector": "lifestyle_variety", "fr": 1, "fdd": 1, "kind": "store", "status": "open", "address": "5 Times Square", "city": "New York", "state": "NY"}}, {"type": "Feature", "geometry": {"type": "Point", "coordinates": [-74.6196618, 40.5864887]}, "properties": {"chain": "miniso", "name": "MINISO", "sector": "lifestyle_variety", "fr": 1, "fdd": 1, "kind": "store", "status": "open", "address": "400 Commons Way #3395", "city": "Bridgewater", "state": "NJ"}}, {"type": "Feature", "geometry": {"type": "Point", "coordinates": [-104.9929758, 39.9619371]}, "properties": {"chain": "miniso", "name": "MINISO", "sector": "lifestyle_variety", "fr": 1, "fdd": 1, "kind": "store", "status": "open", "address": "14644 Orchard Pkwy #1000", "city": "Westminster", "state": "CO"}}, {"type": "Feature", "geometry": {"type": "Point", "coordinates": [-106.6569471, 35.1982569]}, "properties": {"chain": "miniso", "name": "MINISO", "sector": "lifestyle_variety", "fr": 1, "fdd": 1, "kind": "store", "status": "open", "address": "10000 Coors Bypass NW", "city": "Albuquerque", "state": "NM"}}, {"type": "Feature", "geometry": {"type": "Point", "coordinates": [-87.93382, 42.084063]}, "properties": {"chain": "miniso", "name": "MINISO", "sector": "lifestyle_variety", "fr": 1, "fdd": 1, "kind": "store", "status": "open", "address": "44 Randhurst Village Dr", "city": "Mount Prospect", "state": "IL"}}, {"type": "Feature", "geometry": {"type": "Point", "coordinates": [-118.1523668, 34.1456085]}, "properties": {"chain": "miniso", "name": "MINISO", "sector": "lifestyle_variety", "fr": 1, "fdd": 1, "kind": "store", "status": "open", "address": "88 W. Colorado Boulevard", "city": "Pasadena", "state": "CA"}}, {"type": "Feature", "geometry": {"type": "Point", "coordinates": [-118.0524618, 34.133225]}, "properties": {"chain": "miniso", "name": "MINISO", "sector": "lifestyle_variety", "fr": 1, "fdd": 1, "kind": "store", "status": "open", "address": "400 South Baldwin Avenue", "city": "Arcadia", "state": "CA"}}, {"type": "Feature", "geometry": {"type": "Point", "coordinates": [-118.3409956, 34.101386]}, "properties": {"chain": "miniso", "name": "MINISO", "sector": "lifestyle_variety", "fr": 1, "fdd": 1, "kind": "store", "status": "open", "address": "6922 Hollywood Blvd.", "city": "Los Angeles", "state": "CA"}}, {"type": "Feature", "geometry": {"type": "Point", "coordinates": [-116.3949282, 33.7238869]}, "properties": {"chain": "miniso", "name": "MINISO", "sector": "lifestyle_variety", "fr": 1, "fdd": 1, "kind": "store", "status": "open", "address": "72-840 CA-111 Suite R333", "city": "Palm Desert", "state": "CA"}}, {"type": "Feature", "geometry": {"type": "Point", "coordinates": [-81.4253229, 28.343237]}, "properties": {"chain": "miniso", "name": "MINISO", "sector": "lifestyle_variety", "fr": 1, "fdd": 1, "kind": "store", "status": "open", "address": "2693 W Osceola Pkwy", "city": "Kissimmee", "state": "FL"}}, {"type": "Feature", "geometry": {"type": "Point", "coordinates": [-76.3394878, 40.067007]}, "properties": {"chain": "miniso", "name": "MINISO", "sector": "lifestyle_variety", "fr": 1, "fdd": 1, "kind": "store", "status": "open", "address": "142 Park City Center", "city": "Lancaster", "state": "PA"}}, {"type": "Feature", "geometry": {"type": "Point", "coordinates": [-87.49560579999999, 37.9864132]}, "properties": {"chain": "miniso", "name": "MINISO", "sector": "lifestyle_variety", "fr": 1, "fdd": 1, "kind": "store", "status": "open", "address": "800 N Green River Rd", "city": "Evansville", "state": "IN"}}, {"type": "Feature", "geometry": {"type": "Point", "coordinates": [-118.1492077, 34.0178796]}, "properties": {"chain": "miniso", "name": "MINISO", "sector": "lifestyle_variety", "fr": 1, "fdd": 1, "kind": "store", "status": "open", "address": "5650 Whittier Blvd", "city": "Commerce", "state": "CA"}}, {"type": "Feature", "geometry": {"type": "Point", "coordinates": [-117.0648568, 32.6533685]}, "properties": {"chain": "miniso", "name": "MINISO", "sector": "lifestyle_variety", "fr": 1, "fdd": 1, "kind": "store", "status": "open", "address": "3030 Plaza Bonita Rd #2356", "city": "National City", "state": "CA"}}, {"type": "Feature", "geometry": {"type": "Point", "coordinates": [-117.6939685, 34.0879479]}, "properties": {"chain": "miniso", "name": "MINISO", "sector": "lifestyle_variety", "fr": 1, "fdd": 1, "kind": "store", "status": "open", "address": "5060 N Montclair Plaza Ln", "city": "Montclair", "state": "CA"}}, {"type": "Feature", "geometry": {"type": "Point", "coordinates": [-118.6030615, 34.190191]}, "properties": {"chain": "miniso", "name": "MINISO", "sector": "lifestyle_variety", "fr": 1, "fdd": 1, "kind": "store", "status": "open", "address": "6600 Topanga Canyon Blvd", "city": "Canoga Park", "state": "CA"}}, {"type": "Feature", "geometry": {"type": "Point", "coordinates": [-87.3106213, 41.4683839]}, "properties": {"chain": "miniso", "name": "MINISO", "sector": "lifestyle_variety", "fr": 1, "fdd": 1, "kind": "store", "status": "open", "address": "2109 Southlake Mall", "city": "Merrillville", "state": "IN"}}, {"type": "Feature", "geometry": {"type": "Point", "coordinates": [-86.06443039999999, 39.908234]}, "properties": {"chain": "miniso", "name": "MINISO", "sector": "lifestyle_variety", "fr": 1, "fdd": 1, "kind": "store", "status": "open", "address": "6020 E 82nd St", "city": "Indianapolis", "state": "IN"}}, {"type": "Feature", "geometry": {"type": "Point", "coordinates": [-74.03809079999999, 40.7276945]}, "properties": {"chain": "miniso", "name": "MINISO", "sector": "lifestyle_variety", "fr": 1, "fdd": 1, "kind": "store", "status": "open", "address": "30 Mall Dr W", "city": "Jersey City", "state": "NJ"}}, {"type": "Feature", "geometry": {"type": "Point", "coordinates": [-106.4093187, 31.782013]}, "properties": {"chain": "miniso", "name": "MINISO", "sector": "lifestyle_variety", "fr": 1, "fdd": 1, "kind": "store", "status": "open", "address": "6101 Gateway Blvd W Ste #2B", "city": "El Paso", "state": "TX"}}, {"type": "Feature", "geometry": {"type": "Point", "coordinates": [-118.4366302, 34.156929]}, "properties": {"chain": "miniso", "name": "MINISO", "sector": "lifestyle_variety", "fr": 1, "fdd": 1, "kind": "store", "status": "open", "address": "14006 Riverside Dr", "city": "Sherman Oaks", "state": "CA"}}, {"type": "Feature", "geometry": {"type": "Point", "coordinates": [-73.03554299999999, 41.2359938]}, "properties": {"chain": "miniso", "name": "MINISO", "sector": "lifestyle_variety", "fr": 1, "fdd": 1, "kind": "store", "status": "open", "address": "1201 Boston Post Rd", "city": "Milford", "state": "CT"}}, {"type": "Feature", "geometry": {"type": "Point", "coordinates": [-118.557276, 34.4145571]}, "properties": {"chain": "miniso", "name": "MINISO", "sector": "lifestyle_variety", "fr": 1, "fdd": 1, "kind": "store", "status": "open", "address": "24201 West Valencia Blvd.", "city": "Valencia", "state": "CA"}}, {"type": "Feature", "geometry": {"type": "Point", "coordinates": [-111.8764123, 33.4138492]}, "properties": {"chain": "miniso", "name": "MINISO", "sector": "lifestyle_variety", "fr": 1, "fdd": 1, "kind": "store", "status": "open", "address": "66 S Dobson Rd Ste #117", "city": "Mesa", "state": "AZ"}}, {"type": "Feature", "geometry": {"type": "Point", "coordinates": [-115.1972529, 36.1276429]}, "properties": {"chain": "miniso", "name": "MINISO", "sector": "lifestyle_variety", "fr": 1, "fdd": 1, "kind": "store", "status": "open", "address": "4276 Spring Mountain Rd", "city": "Las Vegas", "state": "NV"}}, {"type": "Feature", "geometry": {"type": "Point", "coordinates": [-92.3755003, 38.9639133]}, "properties": {"chain": "miniso", "name": "MINISO", "sector": "lifestyle_variety", "fr": 1, "fdd": 1, "kind": "store", "status": "open", "address": "2300 Bernadette Dr", "city": "Columbia", "state": "MO"}}, {"type": "Feature", "geometry": {"type": "Point", "coordinates": [-118.3950632, 33.9849906]}, "properties": {"chain": "miniso", "name": "MINISO", "sector": "lifestyle_variety", "fr": 1, "fdd": 1, "kind": "store", "status": "open", "address": "6000 Sepulveda Blvd c11", "city": "Culver City", "state": "CA"}}, {"type": "Feature", "geometry": {"type": "Point", "coordinates": [-71.2313648, 42.767915]}, "properties": {"chain": "miniso", "name": "MINISO", "sector": "lifestyle_variety", "fr": 1, "fdd": 1, "kind": "store", "status": "open", "address": "99 Rockingham Park Blvd", "city": "Salem", "state": "NH"}}, {"type": "Feature", "geometry": {"type": "Point", "coordinates": [-112.2279697, 33.6424704]}, "properties": {"chain": "miniso", "name": "MINISO", "sector": "lifestyle_variety", "fr": 1, "fdd": 1, "kind": "store", "status": "open", "address": "7700 W Arrowhead Towne Center", "city": "Glendale", "state": "AZ"}}, {"type": "Feature", "geometry": {"type": "Point", "coordinates": [-117.791895, 33.7258626]}, "properties": {"chain": "miniso", "name": "MINISO", "sector": "lifestyle_variety", "fr": 1, "fdd": 1, "kind": "store", "status": "open", "address": "2891 El Camino Real", "city": "Tustin", "state": "CA"}}, {"type": "Feature", "geometry": {"type": "Point", "coordinates": [-77.2228361, 38.917017]}, "properties": {"chain": "miniso", "name": "MINISO", "sector": "lifestyle_variety", "fr": 1, "fdd": 1, "kind": "store", "status": "open", "address": "1961 Chain Bridge Rd", "city": "Tysons", "state": "VA"}}, {"type": "Feature", "geometry": {"type": "Point", "coordinates": [-78.5756665, 35.8670121]}, "properties": {"chain": "miniso", "name": "MINISO", "sector": "lifestyle_variety", "fr": 1, "fdd": 1, "kind": "store", "status": "open", "address": "5959 Triangle Town Blvd", "city": "Raleigh", "state": "NC"}}, {"type": "Feature", "geometry": {"type": "Point", "coordinates": [-112.4142529, 33.60438370000001]}, "properties": {"chain": "miniso", "name": "MINISO", "sector": "lifestyle_variety", "fr": 1, "fdd": 1, "kind": "store", "status": "open", "address": "13220 N Prasada Pkwy", "city": "Surprise", "state": "AZ"}}, {"type": "Feature", "geometry": {"type": "Point", "coordinates": [-96.30366860000001, 30.6251971]}, "properties": {"chain": "miniso", "name": "MINISO", "sector": "lifestyle_variety", "fr": 1, "fdd": 1, "kind": "store", "status": "open", "address": "1500 Harvey Rd", "city": "College Station", "state": "TX"}}, {"type": "Feature", "geometry": {"type": "Point", "coordinates": [-88.03753139999999, 42.0453811]}, "properties": {"chain": "miniso", "name": "MINISO", "sector": "lifestyle_variety", "fr": 1, "fdd": 1, "kind": "store", "status": "open", "address": "5 Woodfield Mall", "city": "Schaumburg", "state": "IL"}}, {"type": "Feature", "geometry": {"type": "Point", "coordinates": [-75.65185389999999, 39.6782567]}, "properties": {"chain": "miniso", "name": "MINISO", "sector": "lifestyle_variety", "fr": 1, "fdd": 1, "kind": "store", "status": "open", "address": "132 Christiana Mall Space #1170", "city": "Newark", "state": "DE"}}, {"type": "Feature", "geometry": {"type": "Point", "coordinates": [-80.6587026, 41.02115879999999]}, "properties": {"chain": "miniso", "name": "MINISO", "sector": "lifestyle_variety", "fr": 1, "fdd": 1, "kind": "store", "status": "open", "address": "7401 Market St", "city": "Boardman", "state": "OH"}}, {"type": "Feature", "geometry": {"type": "Point", "coordinates": [-111.9008279, 33.3071996]}, "properties": {"chain": "miniso", "name": "MINISO", "sector": "lifestyle_variety", "fr": 1, "fdd": 1, "kind": "store", "status": "open", "address": "3111 W Chandler Blvd", "city": "Chandler", "state": "AZ"}}, {"type": "Feature", "geometry": {"type": "Point", "coordinates": [-98.6208777, 29.4694656]}, "properties": {"chain": "miniso", "name": "MINISO", "sector": "lifestyle_variety", "fr": 1, "fdd": 1, "kind": "store", "status": "open", "address": "6301 Northwest Loop 410", "city": "San Antonio", "state": "TX"}}, {"type": "Feature", "geometry": {"type": "Point", "coordinates": [-157.9396425, 21.382704]}, "properties": {"chain": "miniso", "name": "MINISO", "sector": "lifestyle_variety", "fr": 1, "fdd": 1, "kind": "store", "status": "open", "address": "98-1005 Moanalua Rd", "city": "Aiea", "state": "HI"}}, {"type": "Feature", "geometry": {"type": "Point", "coordinates": [-108.5780407, 45.7683441]}, "properties": {"chain": "miniso", "name": "MINISO", "sector": "lifestyle_variety", "fr": 1, "fdd": 1, "kind": "store", "status": "open", "address": "300 S 24th St W", "city": "Billings", "state": "MT"}}, {"type": "Feature", "geometry": {"type": "Point", "coordinates": [-117.9673857, 33.9175772]}, "properties": {"chain": "miniso", "name": "MINISO", "sector": "lifestyle_variety", "fr": 1, "fdd": 1, "kind": "store", "status": "open", "address": "1931 W. Imperial Highway", "city": "La Habra", "state": "CA"}}, {"type": "Feature", "geometry": {"type": "Point", "coordinates": [-71.3836517, 42.30186459999999]}, "properties": {"chain": "miniso", "name": "MINISO", "sector": "lifestyle_variety", "fr": 1, "fdd": 1, "kind": "store", "status": "open", "address": "1245 Worcester St Space #3003", "city": "Natick", "state": "MA"}}, {"type": "Feature", "geometry": {"type": "Point", "coordinates": [-74.1668656, 40.58184139999999]}, "properties": {"chain": "miniso", "name": "MINISO", "sector": "lifestyle_variety", "fr": 1, "fdd": 1, "kind": "store", "status": "open", "address": "2655 Richmond Ave Space #2585", "city": "Staten Island", "state": "NY"}}, {"type": "Feature", "geometry": {"type": "Point", "coordinates": [-122.300907, 37.5378764]}, "properties": {"chain": "miniso", "name": "MINISO", "sector": "lifestyle_variety", "fr": 1, "fdd": 1, "kind": "store", "status": "open", "address": "60 31st Ave.", "city": "San Mateo", "state": "CA"}}, {"type": "Feature", "geometry": {"type": "Point", "coordinates": [-75.3907289, 40.0893176]}, "properties": {"chain": "miniso", "name": "MINISO", "sector": "lifestyle_variety", "fr": 1, "fdd": 1, "kind": "store", "status": "open", "address": "160 N Gulph Rd Space #2150A", "city": "King of Prussia", "state": "PA"}}, {"type": "Feature", "geometry": {"type": "Point", "coordinates": [-98.2362786, 26.1855476]}, "properties": {"chain": "miniso", "name": "MINISO", "sector": "lifestyle_variety", "fr": 1, "fdd": 1, "kind": "store", "status": "open", "address": "2200 S 10th St", "city": "McAllen", "state": "TX"}}, {"type": "Feature", "geometry": {"type": "Point", "coordinates": [-117.9534566, 33.7617383]}, "properties": {"chain": "miniso", "name": "MINISO", "sector": "lifestyle_variety", "fr": 1, "fdd": 1, "kind": "store", "status": "open", "address": "13844 Brookhurst St", "city": "Garden Grove", "state": "CA"}}, {"type": "Feature", "geometry": {"type": "Point", "coordinates": [-77.42393849999999, 39.032372]}, "properties": {"chain": "miniso", "name": "MINISO", "sector": "lifestyle_variety", "fr": 1, "fdd": 1, "kind": "store", "status": "open", "address": "21100 Dulles Town Cir", "city": "Dulles", "state": "VA"}}, {"type": "Feature", "geometry": {"type": "Point", "coordinates": [-83.6414933, 41.6931082]}, "properties": {"chain": "miniso", "name": "MINISO", "sector": "lifestyle_variety", "fr": 1, "fdd": 1, "kind": "store", "status": "open", "address": "5001 Monroe St", "city": "Toledo", "state": "OH"}}, {"type": "Feature", "geometry": {"type": "Point", "coordinates": [-122.7159978, 38.4384582]}, "properties": {"chain": "miniso", "name": "MINISO", "sector": "lifestyle_variety", "fr": 1, "fdd": 1, "kind": "store", "status": "open", "address": "1031 Santa Rosa Plaza", "city": "Santa Rosa", "state": "CA"}}, {"type": "Feature", "geometry": {"type": "Point", "coordinates": [-118.2592267, 34.1460901]}, "properties": {"chain": "miniso", "name": "MINISO", "sector": "lifestyle_variety", "fr": 1, "fdd": 1, "kind": "store", "status": "open", "address": "1184 Glendale Galleria", "city": "Glendale", "state": "CA"}}, {"type": "Feature", "geometry": {"type": "Point", "coordinates": [-123.106025, 44.0680636]}, "properties": {"chain": "miniso", "name": "MINISO", "sector": "lifestyle_variety", "fr": 1, "fdd": 1, "kind": "store", "status": "open", "address": "293 Valley River Center e0002", "city": "Eugene", "state": "OR"}}, {"type": "Feature", "geometry": {"type": "Point", "coordinates": [-73.4186503, 41.1044388]}, "properties": {"chain": "miniso", "name": "MINISO", "sector": "lifestyle_variety", "fr": 1, "fdd": 1, "kind": "store", "status": "open", "address": "100 N Water St", "city": "Norwalk", "state": "CT"}}, {"type": "Feature", "geometry": {"type": "Point", "coordinates": [-76.2272716, 36.7796129]}, "properties": {"chain": "miniso", "name": "MINISO", "sector": "lifestyle_variety", "fr": 1, "fdd": 1, "kind": "store", "status": "open", "address": "1401 Greenbrier Pkwy", "city": "Chesapeake", "state": "VA"}}, {"type": "Feature", "geometry": {"type": "Point", "coordinates": [-77.2965242, 38.6431929]}, "properties": {"chain": "miniso", "name": "MINISO", "sector": "lifestyle_variety", "fr": 1, "fdd": 1, "kind": "store", "status": "open", "address": "2700 Potomac Mills Cir Space #470", "city": "Woodbridge", "state": "VA"}}, {"type": "Feature", "geometry": {"type": "Point", "coordinates": [-119.7824119, 39.4744676]}, "properties": {"chain": "miniso", "name": "MINISO", "sector": "lifestyle_variety", "fr": 1, "fdd": 1, "kind": "store", "status": "open", "address": "5000 Meadowood Mall Cir", "city": "Reno", "state": "NV"}}, {"type": "Feature", "geometry": {"type": "Point", "coordinates": [-117.3895789, 33.955184]}, "properties": {"chain": "miniso", "name": "MINISO", "sector": "lifestyle_variety", "fr": 1, "fdd": 1, "kind": "store", "status": "open", "address": "3540 Riverside Plaza Dr Suite 332", "city": "Riverside", "state": "CA"}}, {"type": "Feature", "geometry": {"type": "Point", "coordinates": [-72.64135689999999, 42.1676302]}, "properties": {"chain": "miniso", "name": "MINISO", "sector": "lifestyle_variety", "fr": 1, "fdd": 1, "kind": "store", "status": "open", "address": "50 Holyoke St", "city": "Holyoke", "state": "MA"}}, {"type": "Feature", "geometry": {"type": "Point", "coordinates": [-83.29942609999999, 42.7027241]}, "properties": {"chain": "miniso", "name": "MINISO", "sector": "lifestyle_variety", "fr": 1, "fdd": 1, "kind": "store", "status": "open", "address": "4000 Baldwin Rd", "city": "Auburn Hills", "state": "MI"}}, {"type": "Feature", "geometry": {"type": "Point", "coordinates": [-95.64581559999999, 29.7047406]}, "properties": {"chain": "miniso", "name": "MINISO", "sector": "lifestyle_variety", "fr": 1, "fdd": 1, "kind": "store", "status": "open", "address": "6708 S Texas 6", "city": "Houston", "state": "TX"}}, {"type": "Feature", "geometry": {"type": "Point", "coordinates": [-117.1478166, 32.7688549]}, "properties": {"chain": "miniso", "name": "MINISO", "sector": "lifestyle_variety", "fr": 1, "fdd": 1, "kind": "store", "status": "open", "address": "1640 Camino Del Rio N Ste #318", "city": "San Diego", "state": "CA"}}, {"type": "Feature", "geometry": {"type": "Point", "coordinates": [-84.3513953, 33.5749881]}, "properties": {"chain": "miniso", "name": "MINISO", "sector": "lifestyle_variety", "fr": 1, "fdd": 1, "kind": "store", "status": "open", "address": "1000 Southlake Cir", "city": "Morrow", "state": "GA"}}, {"type": "Feature", "geometry": {"type": "Point", "coordinates": [-97.3984298, 32.6783274]}, "properties": {"chain": "miniso", "name": "MINISO", "sector": "lifestyle_variety", "fr": 1, "fdd": 1, "kind": "store", "status": "open", "address": "4800 S Hulen St", "city": "Fort Worth", "state": "TX"}}, {"type": "Feature", "geometry": {"type": "Point", "coordinates": [-97.0598855, 32.645106]}, "properties": {"chain": "miniso", "name": "MINISO", "sector": "lifestyle_variety", "fr": 1, "fdd": 1, "kind": "store", "status": "open", "address": "5240 S State Hwy 360 Ste #300", "city": "Grand Prairie", "state": "TX"}}, {"type": "Feature", "geometry": {"type": "Point", "coordinates": [-95.3902093, 30.0230636]}, "properties": {"chain": "miniso", "name": "MINISO", "sector": "lifestyle_variety", "fr": 1, "fdd": 1, "kind": "store", "status": "open", "address": "2560 FM 1960 E.", "city": "Houston", "state": "TX"}}, {"type": "Feature", "geometry": {"type": "Point", "coordinates": [-93.2401754, 44.8550858]}, "properties": {"chain": "miniso", "name": "MINISO", "sector": "lifestyle_variety", "fr": 1, "fdd": 1, "kind": "store", "status": "open", "address": "212 E Broadway", "city": "Bloomington", "state": "MN"}}, {"type": "Feature", "geometry": {"type": "Point", "coordinates": [-115.0421507, 36.0669018]}, "properties": {"chain": "miniso", "name": "MINISO", "sector": "lifestyle_variety", "fr": 1, "fdd": 1, "kind": "store", "status": "open", "address": "1300 W Sunset Rd #1241", "city": "Henderson", "state": "NV"}}, {"type": "Feature", "geometry": {"type": "Point", "coordinates": [-79.9645616, 37.3066433]}, "properties": {"chain": "miniso", "name": "MINISO", "sector": "lifestyle_variety", "fr": 1, "fdd": 1, "kind": "store", "status": "open", "address": "4802 Valley View Blvd NW", "city": "Roanoke", "state": "VA"}}, {"type": "Feature", "geometry": {"type": "Point", "coordinates": [-121.658292, 36.7169046]}, "properties": {"chain": "miniso", "name": "MINISO", "sector": "lifestyle_variety", "fr": 1, "fdd": 1, "kind": "store", "status": "open", "address": "796 Northridge Mall #J11", "city": "Salinas", "state": "CA"}}, {"type": "Feature", "geometry": {"type": "Point", "coordinates": [-73.8340034, 40.7599234]}, "properties": {"chain": "miniso", "name": "MINISO", "sector": "lifestyle_variety", "fr": 1, "fdd": 1, "kind": "store", "status": "open", "address": "133-27 39th Ave", "city": "Queens", "state": "NY"}}, {"type": "Feature", "geometry": {"type": "Point", "coordinates": [-73.99956999999999, 40.721929]}, "properties": {"chain": "miniso", "name": "MINISO", "sector": "lifestyle_variety", "fr": 1, "fdd": 1, "kind": "store", "status": "open", "address": "490 Broadway", "city": "New York", "state": "NY"}}, {"type": "Feature", "geometry": {"type": "Point", "coordinates": [-84.5644745, 34.0177099]}, "properties": {"chain": "miniso", "name": "MINISO", "sector": "lifestyle_variety", "fr": 1, "fdd": 1, "kind": "store", "status": "open", "address": "400 Ernest W Barrett Pkwy NW", "city": "Kennesaw", "state": "GA"}}, {"type": "Feature", "geometry": {"type": "Point", "coordinates": [-122.1564779, 47.758102]}, "properties": {"chain": "miniso", "name": "MINISO", "sector": "lifestyle_variety", "fr": 1, "fdd": 1, "kind": "store", "status": "open", "address": "18027 Garden Way NE", "city": "Woodinville", "state": "WA"}}, {"type": "Feature", "geometry": {"type": "Point", "coordinates": [-100.7864502, 46.7969179]}, "properties": {"chain": "miniso", "name": "MINISO", "sector": "lifestyle_variety", "fr": 1, "fdd": 1, "kind": "store", "status": "open", "address": "706 Kirkwood Mall", "city": "Bismarck", "state": "ND"}}, {"type": "Feature", "geometry": {"type": "Point", "coordinates": [-121.863377, 37.2521101]}, "properties": {"chain": "miniso", "name": "MINISO", "sector": "lifestyle_variety", "fr": 1, "fdd": 1, "kind": "store", "status": "open", "address": "925 Blossom Hill Rd Suite #V12", "city": "San Jose", "state": "CA"}}, {"type": "Feature", "geometry": {"type": "Point", "coordinates": [-117.2977373, 34.0853167]}, "properties": {"chain": "miniso", "name": "MINISO", "sector": "lifestyle_variety", "fr": 1, "fdd": 1, "kind": "store", "status": "open", "address": "500 Inland Center Dr", "city": "San Bernardino", "state": "CA"}}, {"type": "Feature", "geometry": {"type": "Point", "coordinates": [-97.50222099999999, 25.9521306]}, "properties": {"chain": "miniso", "name": "MINISO", "sector": "lifestyle_variety", "fr": 1, "fdd": 1, "kind": "store", "status": "open", "address": "2370 Frontage Rd", "city": "Brownsville", "state": "TX"}}, {"type": "Feature", "geometry": {"type": "Point", "coordinates": [-74.17106919999999, 40.6599534]}, "properties": {"chain": "miniso", "name": "MINISO", "sector": "lifestyle_variety", "fr": 1, "fdd": 1, "kind": "store", "status": "open", "address": "651 Kapkowski Rd Space #1128", "city": "Elizabeth", "state": "NJ"}}, {"type": "Feature", "geometry": {"type": "Point", "coordinates": [-98.5948501, 29.6108053]}, "properties": {"chain": "miniso", "name": "MINISO", "sector": "lifestyle_variety", "fr": 1, "fdd": 1, "kind": "store", "status": "open", "address": "17822 La Cantera Pkwy Ste #114", "city": "San Antonio", "state": "TX"}}, {"type": "Feature", "geometry": {"type": "Point", "coordinates": [-119.3155697, 36.3110812]}, "properties": {"chain": "miniso", "name": "MINISO", "sector": "lifestyle_variety", "fr": 1, "fdd": 1, "kind": "store", "status": "open", "address": "2031 S Mooney Blvd Ste #1606", "city": "Visalia", "state": "CA"}}, {"type": "Feature", "geometry": {"type": "Point", "coordinates": [-87.7835783, 41.7152187]}, "properties": {"chain": "miniso", "name": "MINISO", "sector": "lifestyle_variety", "fr": 1, "fdd": 1, "kind": "store", "status": "open", "address": "444 Ridgeland Ave", "city": "Chicago Ridge", "state": "IL"}}, {"type": "Feature", "geometry": {"type": "Point", "coordinates": [-77.3811541, 34.765546]}, "properties": {"chain": "miniso", "name": "MINISO", "sector": "lifestyle_variety", "fr": 1, "fdd": 1, "kind": "store", "status": "open", "address": "375 Western Blvd", "city": "Jacksonville", "state": "NC"}}, {"type": "Feature", "geometry": {"type": "Point", "coordinates": [-71.21354389999999, 42.4822898]}, "properties": {"chain": "miniso", "name": "MINISO", "sector": "lifestyle_variety", "fr": 1, "fdd": 1, "kind": "store", "status": "open", "address": "75 Middlesex Turnpike", "city": "Burlington", "state": "MA"}}, {"type": "Feature", "geometry": {"type": "Point", "coordinates": [-95.53909519999999, 29.9601153]}, "properties": {"chain": "miniso", "name": "MINISO", "sector": "lifestyle_variety", "fr": 1, "fdd": 1, "kind": "store", "status": "open", "address": "2000 Willowbrook Mall Suite #1408", "city": "Houston", "state": "TX"}}, {"type": "Feature", "geometry": {"type": "Point", "coordinates": [-77.3591234, 38.8625497]}, "properties": {"chain": "miniso", "name": "MINISO", "sector": "lifestyle_variety", "fr": 1, "fdd": 1, "kind": "store", "status": "open", "address": "11750 Fair Oaks Mall Suite #H109", "city": "Fairfax", "state": "VA"}}, {"type": "Feature", "geometry": {"type": "Point", "coordinates": [-121.9289486, 37.6954967]}, "properties": {"chain": "miniso", "name": "MINISO", "sector": "lifestyle_variety", "fr": 1, "fdd": 1, "kind": "store", "status": "open", "address": "1 Stoneridge Mall Rd Suite #C120", "city": "Pleasanton", "state": "CA"}}, {"type": "Feature", "geometry": {"type": "Point", "coordinates": [-96.9939349, 28.8677484]}, "properties": {"chain": "miniso", "name": "MINISO", "sector": "lifestyle_variety", "fr": 1, "fdd": 1, "kind": "store", "status": "open", "address": "7800 N Navarro St", "city": "Victoria", "state": "TX"}}, {"type": "Feature", "geometry": {"type": "Point", "coordinates": [-81.9781501, 28.0914195]}, "properties": {"chain": "miniso", "name": "MINISO", "sector": "lifestyle_variety", "fr": 1, "fdd": 1, "kind": "store", "status": "open", "address": "3800 US Hwy 98 N", "city": "Lakeland", "state": "FL"}}, {"type": "Feature", "geometry": {"type": "Point", "coordinates": [-117.5531388, 34.0733291]}, "properties": {"chain": "miniso", "name": "MINISO", "sector": "lifestyle_variety", "fr": 1, "fdd": 1, "kind": "store", "status": "open", "address": "1 Mills Cir #216", "city": "Ontario", "state": "CA"}}, {"type": "Feature", "geometry": {"type": "Point", "coordinates": [-94.7507162, 32.5393303]}, "properties": {"chain": "miniso", "name": "MINISO", "sector": "lifestyle_variety", "fr": 1, "fdd": 1, "kind": "store", "status": "open", "address": "3500 McCann Rd Ofc", "city": "Longview", "state": "TX"}}, {"type": "Feature", "geometry": {"type": "Point", "coordinates": [-95.5382697, 29.7822628]}, "properties": {"chain": "miniso", "name": "MINISO", "sector": "lifestyle_variety", "fr": 1, "fdd": 1, "kind": "store", "status": "open", "address": "303 Memorial City Way", "city": "Houston", "state": "TX"}}, {"type": "Feature", "geometry": {"type": "Point", "coordinates": [-120.8799871, 37.5150629]}, "properties": {"chain": "miniso", "name": "MINISO", "sector": "lifestyle_variety", "fr": 1, "fdd": 1, "kind": "store", "status": "open", "address": "2701 Countryside Dr", "city": "Turlock", "state": "CA"}}, {"type": "Feature", "geometry": {"type": "Point", "coordinates": [-87.6316332, 41.851146]}, "properties": {"chain": "miniso", "name": "MINISO", "sector": "lifestyle_variety", "fr": 1, "fdd": 1, "kind": "store", "status": "open", "address": "2263 S Wentworth Ave.", "city": "Chicago", "state": "IL"}}, {"type": "Feature", "geometry": {"type": "Point", "coordinates": [-77.6194752, 37.6561737]}, "properties": {"chain": "miniso", "name": "MINISO", "sector": "lifestyle_variety", "fr": 1, "fdd": 1, "kind": "store", "status": "open", "address": "11800 W Broad St", "city": "Richmond", "state": "VA"}}, {"type": "Feature", "geometry": {"type": "Point", "coordinates": [-80.38117510000001, 25.7887034]}, "properties": {"chain": "miniso", "name": "MINISO", "sector": "lifestyle_variety", "fr": 1, "fdd": 1, "kind": "store", "status": "open", "address": "11401 NW 12th St", "city": "Miami", "state": "FL"}}, {"type": "Feature", "geometry": {"type": "Point", "coordinates": [-117.533441, 34.1102612]}, "properties": {"chain": "miniso", "name": "MINISO", "sector": "lifestyle_variety", "fr": 1, "fdd": 1, "kind": "store", "status": "open", "address": "12505 N Mainstreet Ste #3630", "city": "Rancho Cucamonga", "state": "CA"}}, {"type": "Feature", "geometry": {"type": "Point", "coordinates": [-95.8092423, 29.77705649999999]}, "properties": {"chain": "miniso", "name": "MINISO", "sector": "lifestyle_variety", "fr": 1, "fdd": 1, "kind": "store", "status": "open", "address": "5000 Katy Mills Cir", "city": "Katy", "state": "TX"}}, {"type": "Feature", "geometry": {"type": "Point", "coordinates": [-86.1901146, 41.719128]}, "properties": {"chain": "miniso", "name": "MINISO", "sector": "lifestyle_variety", "fr": 1, "fdd": 1, "kind": "store", "status": "open", "address": "6501 Grape Rd", "city": "Mishawaka", "state": "IN"}}, {"type": "Feature", "geometry": {"type": "Point", "coordinates": [-122.4770001, 37.7277588]}, "properties": {"chain": "miniso", "name": "MINISO", "sector": "lifestyle_variety", "fr": 1, "fdd": 1, "kind": "store", "status": "open", "address": "3251 20th Ave.", "city": "San Francisco", "state": "CA"}}, {"type": "Feature", "geometry": {"type": "Point", "coordinates": [-122.2594405, 47.4576306]}, "properties": {"chain": "miniso", "name": "MINISO", "sector": "lifestyle_variety", "fr": 1, "fdd": 1, "kind": "store", "status": "open", "address": "2800 Southcenter Mall #2110", "city": "Tukwila", "state": "WA"}}, {"type": "Feature", "geometry": {"type": "Point", "coordinates": [-117.8389501, 33.6501353]}, "properties": {"chain": "miniso", "name": "MINISO", "sector": "lifestyle_variety", "fr": 1, "fdd": 1, "kind": "store", "status": "open", "address": "4237 Campus Dr Suite B150", "city": "Irvine", "state": "CA"}}, {"type": "Feature", "geometry": {"type": "Point", "coordinates": [-97.1296454, 32.6806126]}, "properties": {"chain": "miniso", "name": "MINISO", "sector": "lifestyle_variety", "fr": 1, "fdd": 1, "kind": "store", "status": "open", "address": "3811 S Cooper St", "city": "Arlington", "state": "TX"}}, {"type": "Feature", "geometry": {"type": "Point", "coordinates": [-120.4797966, 46.5655282]}, "properties": {"chain": "miniso", "name": "MINISO", "sector": "lifestyle_variety", "fr": 1, "fdd": 1, "kind": "store", "status": "open", "address": "2529 Main St", "city": "Union Gap", "state": "WA"}}, {"type": "Feature", "geometry": {"type": "Point", "coordinates": [-122.581517, 45.6585741]}, "properties": {"chain": "miniso", "name": "MINISO", "sector": "lifestyle_variety", "fr": 1, "fdd": 1, "kind": "store", "status": "open", "address": "8700 NE Vancouver Mall Dr", "city": "Vancouver", "state": "WA"}}, {"type": "Feature", "geometry": {"type": "Point", "coordinates": [-88.9906613, 30.3928261]}, "properties": {"chain": "miniso", "name": "MINISO", "sector": "lifestyle_variety", "fr": 1, "fdd": 1, "kind": "store", "status": "open", "address": "2600 Beach Blvd", "city": "Biloxi", "state": "MS"}}, {"type": "Feature", "geometry": {"type": "Point", "coordinates": [-76.0707596, 36.8160927]}, "properties": {"chain": "miniso", "name": "MINISO", "sector": "lifestyle_variety", "fr": 1, "fdd": 1, "kind": "store", "status": "open", "address": "701 Lynnhaven Pkwy Ste #C23", "city": "Virginia Beach", "state": "VA"}}, {"type": "Feature", "geometry": {"type": "Point", "coordinates": [-81.8695456, 26.6016701]}, "properties": {"chain": "miniso", "name": "MINISO", "sector": "lifestyle_variety", "fr": 1, "fdd": 1, "kind": "store", "status": "open", "address": "4125 Cleveland Ave", "city": "Fort Myers", "state": "FL"}}, {"type": "Feature", "geometry": {"type": "Point", "coordinates": [-83.1109678, 42.5379165]}, "properties": {"chain": "miniso", "name": "MINISO", "sector": "lifestyle_variety", "fr": 1, "fdd": 1, "kind": "store", "status": "open", "address": "412 W 14 Mile Rd.", "city": "Troy", "state": "MI"}}, {"type": "Feature", "geometry": {"type": "Point", "coordinates": [-73.8544953, 40.9279449]}, "properties": {"chain": "miniso", "name": "MINISO", "sector": "lifestyle_variety", "fr": 1, "fdd": 1, "kind": "store", "status": "open", "address": "8000 Mall Walk", "city": "Yonkers", "state": "NY"}}, {"type": "Feature", "geometry": {"type": "Point", "coordinates": [-82.5764991, 28.0690865]}, "properties": {"chain": "miniso", "name": "MINISO", "sector": "lifestyle_variety", "fr": 1, "fdd": 1, "kind": "store", "status": "open", "address": "8021 Citrus Park Dr", "city": "Tampa", "state": "FL"}}, {"type": "Feature", "geometry": {"type": "Point", "coordinates": [-94.72484260000002, 31.31287639999999]}, "properties": {"chain": "miniso", "name": "MINISO", "sector": "lifestyle_variety", "fr": 1, "fdd": 1, "kind": "store", "status": "open", "address": "4600 S Medford Dr", "city": "Lufkin", "state": "TX"}}, {"type": "Feature", "geometry": {"type": "Point", "coordinates": [-115.1715003, 36.1275236]}, "properties": {"chain": "miniso", "name": "MINISO", "sector": "lifestyle_variety", "fr": 1, "fdd": 1, "kind": "store", "status": "open", "address": "3200 Las Vegas Blvd S #2470", "city": "Las Vegas", "state": "NV"}}, {"type": "Feature", "geometry": {"type": "Point", "coordinates": [-77.5274386, 37.6200055]}, "properties": {"chain": "miniso", "name": "MINISO", "sector": "lifestyle_variety", "fr": 1, "fdd": 1, "kind": "store", "status": "open", "address": "7801 West Broad Street", "city": "Richmond", "state": "VA"}}, {"type": "Feature", "geometry": {"type": "Point", "coordinates": [-118.1531753, 34.6053141]}, "properties": {"chain": "miniso", "name": "MINISO", "sector": "lifestyle_variety", "fr": 1, "fdd": 1, "kind": "store", "status": "open", "address": "1233 Rancho Vista Blvd", "city": "Palmdale", "state": "CA"}}, {"type": "Feature", "geometry": {"type": "Point", "coordinates": [-122.5745221, 45.4359168]}, "properties": {"chain": "miniso", "name": "MINISO", "sector": "lifestyle_variety", "fr": 1, "fdd": 1, "kind": "store", "status": "open", "address": "12000 SE 82nd Ave", "city": "Happy Valley", "state": "OR"}}, {"type": "Feature", "geometry": {"type": "Point", "coordinates": [-122.243676, 47.2980791]}, "properties": {"chain": "miniso", "name": "MINISO", "sector": "lifestyle_variety", "fr": 1, "fdd": 1, "kind": "store", "status": "open", "address": "1101 Outlet Collection Way", "city": "Auburn", "state": "WA"}}, {"type": "Feature", "geometry": {"type": "Point", "coordinates": [-121.0539585, 37.688767]}, "properties": {"chain": "miniso", "name": "MINISO", "sector": "lifestyle_variety", "fr": 1, "fdd": 1, "kind": "store", "status": "open", "address": "3401 Dale Rd", "city": "Modesto", "state": "CA"}}, {"type": "Feature", "geometry": {"type": "Point", "coordinates": [-96.8105089, 33.099649]}, "properties": {"chain": "miniso", "name": "MINISO", "sector": "lifestyle_variety", "fr": 1, "fdd": 1, "kind": "store", "status": "open", "address": "2601 Preston Rd", "city": "Frisco", "state": "TX"}}, {"type": "Feature", "geometry": {"type": "Point", "coordinates": [-80.3880028, 25.6885022]}, "properties": {"chain": "miniso", "name": "MINISO", "sector": "lifestyle_variety", "fr": 1, "fdd": 1, "kind": "store", "status": "open", "address": "8436 Mills Dr", "city": "Miami", "state": "FL"}}, {"type": "Feature", "geometry": {"type": "Point", "coordinates": [-116.9664491, 32.8050857]}, "properties": {"chain": "miniso", "name": "MINISO", "sector": "lifestyle_variety", "fr": 1, "fdd": 1, "kind": "store", "status": "open", "address": "745 Parkway Plaza #Y13", "city": "El Cajon", "state": "CA"}}, {"type": "Feature", "geometry": {"type": "Point", "coordinates": [-115.5307291, 32.7622302]}, "properties": {"chain": "miniso", "name": "MINISO", "sector": "lifestyle_variety", "fr": 1, "fdd": 1, "kind": "store", "status": "open", "address": "3451 S Dogwood Rd", "city": "El Centro", "state": "CA"}}, {"type": "Feature", "geometry": {"type": "Point", "coordinates": [-118.4957118, 34.0150797]}, "properties": {"chain": "miniso", "name": "MINISO", "sector": "lifestyle_variety", "fr": 1, "fdd": 1, "kind": "store", "status": "open", "address": "1418 3rd Street Promenade", "city": "Santa Monica", "state": "CA"}}, {"type": "Feature", "geometry": {"type": "Point", "coordinates": [-82.0794617, 33.4635485]}, "properties": {"chain": "miniso", "name": "MINISO", "sector": "lifestyle_variety", "fr": 1, "fdd": 1, "kind": "store", "status": "open", "address": "3450 Wrightsboro Rd", "city": "Augusta", "state": "GA"}}, {"type": "Feature", "geometry": {"type": "Point", "coordinates": [-75.4796224, 40.6311946]}, "properties": {"chain": "miniso", "name": "MINISO", "sector": "lifestyle_variety", "fr": 1, "fdd": 1, "kind": "store", "status": "open", "address": "250 Lehigh Valley Mall", "city": "Whitehall", "state": "PA"}}, {"type": "Feature", "geometry": {"type": "Point", "coordinates": [-74.0102576, 40.7093047]}, "properties": {"chain": "miniso", "name": "MINISO", "sector": "lifestyle_variety", "fr": 1, "fdd": 1, "kind": "store", "status": "open", "address": "150 Broadway", "city": "New York", "state": "NY"}}, {"type": "Feature", "geometry": {"type": "Point", "coordinates": [-71.0244894, 42.2222966]}, "properties": {"chain": "miniso", "name": "MINISO", "sector": "lifestyle_variety", "fr": 1, "fdd": 1, "kind": "store", "status": "open", "address": "250 Granite St Space #1025A", "city": "Braintree", "state": "MA"}}, {"type": "Feature", "geometry": {"type": "Point", "coordinates": [-80.1371633, 25.7907101]}, "properties": {"chain": "miniso", "name": "MINISO", "sector": "lifestyle_variety", "fr": 1, "fdd": 1, "kind": "store", "status": "open", "address": "825 Lincoln Rd", "city": "Miami Beach", "state": "FL"}}, {"type": "Feature", "geometry": {"type": "Point", "coordinates": [-122.1619715, 37.445919]}, "properties": {"chain": "miniso", "name": "MINISO", "sector": "lifestyle_variety", "fr": 1, "fdd": 1, "kind": "store", "status": "open", "address": "281 University Ave", "city": "Palo Alto", "state": "CA"}}, {"type": "Feature", "geometry": {"type": "Point", "coordinates": [-85.15960249999999, 35.0347234]}, "properties": {"chain": "miniso", "name": "MINISO", "sector": "lifestyle_variety", "fr": 1, "fdd": 1, "kind": "store", "status": "open", "address": "2100 Hamilton Pl Blvd", "city": "Chattanooga", "state": "TN"}}, {"type": "Feature", "geometry": {"type": "Point", "coordinates": [-120.4379235, 34.951997]}, "properties": {"chain": "miniso", "name": "MINISO", "sector": "lifestyle_variety", "fr": 1, "fdd": 1, "kind": "store", "status": "open", "address": "371 Town Center E", "city": "Santa Maria", "state": "CA"}}, {"type": "Feature", "geometry": {"type": "Point", "coordinates": [-88.9757903, 42.2461735]}, "properties": {"chain": "miniso", "name": "MINISO", "sector": "lifestyle_variety", "fr": 1, "fdd": 1, "kind": "store", "status": "open", "address": "7200 Harrison Ave", "city": "Rockford", "state": "IL"}}, {"type": "Feature", "geometry": {"type": "Point", "coordinates": [-77.1217898, 39.0571184]}, "properties": {"chain": "miniso", "name": "MINISO", "sector": "lifestyle_variety", "fr": 1, "fdd": 1, "kind": "store", "status": "open", "address": "12266 Rockville Pike", "city": "Rockville", "state": "MD"}}, {"type": "Feature", "geometry": {"type": "Point", "coordinates": [-102.3356903, 31.8937667]}, "properties": {"chain": "miniso", "name": "MINISO", "sector": "lifestyle_variety", "fr": 1, "fdd": 1, "kind": "store", "status": "open", "address": "4101 E 42nd St", "city": "Odessa", "state": "TX"}}, {"type": "Feature", "geometry": {"type": "Point", "coordinates": [-81.15648829999999, 34.077884]}, "properties": {"chain": "miniso", "name": "MINISO", "sector": "lifestyle_variety", "fr": 1, "fdd": 1, "kind": "store", "status": "open", "address": "100 Columbiana Cir", "city": "Columbia", "state": "SC"}}, {"type": "Feature", "geometry": {"type": "Point", "coordinates": [-81.8210699, 41.3092942]}, "properties": {"chain": "miniso", "name": "MINISO", "sector": "lifestyle_variety", "fr": 1, "fdd": 1, "kind": "store", "status": "open", "address": "500 Southpark Center", "city": "Strongsville", "state": "OH"}}, {"type": "Feature", "geometry": {"type": "Point", "coordinates": [-80.15756789999999, 40.4535124]}, "properties": {"chain": "miniso", "name": "MINISO", "sector": "lifestyle_variety", "fr": 1, "fdd": 1, "kind": "store", "status": "open", "address": "100 Robinson Centre Dr", "city": "Pittsburgh", "state": "PA"}}, {"type": "Feature", "geometry": {"type": "Point", "coordinates": [-108.6030896, 39.0921722]}, "properties": {"chain": "miniso", "name": "MINISO", "sector": "lifestyle_variety", "fr": 1, "fdd": 1, "kind": "store", "status": "open", "address": "2424 US-6", "city": "Grand Junction", "state": "CO"}}, {"type": "Feature", "geometry": {"type": "Point", "coordinates": [-117.7247377, 33.5774581]}, "properties": {"chain": "miniso", "name": "MINISO", "sector": "lifestyle_variety", "fr": 1, "fdd": 1, "kind": "store", "status": "open", "address": "26541 Aliso Creek Rd Suite D", "city": "Aliso Viejo", "state": "CA"}}, {"type": "Feature", "geometry": {"type": "Point", "coordinates": [-73.99003359999999, 40.7414571]}, "properties": {"chain": "miniso", "name": "MINISO", "sector": "lifestyle_variety", "fr": 1, "fdd": 1, "kind": "store", "status": "open", "address": "184 5th Ave", "city": "New York", "state": "NY"}}, {"type": "Feature", "geometry": {"type": "Point", "coordinates": [-79.50817359999999, 40.301865]}, "properties": {"chain": "miniso", "name": "MINISO", "sector": "lifestyle_variety", "fr": 1, "fdd": 1, "kind": "store", "status": "open", "address": "5256 US-30", "city": "Greensburg", "state": "PA"}}, {"type": "Feature", "geometry": {"type": "Point", "coordinates": [-92.34281179999999, 34.75336240000001]}, "properties": {"chain": "miniso", "name": "MINISO", "sector": "lifestyle_variety", "fr": 1, "fdd": 1, "kind": "store", "status": "open", "address": "6000 W Markham St", "city": "Little Rock", "state": "AR"}}, {"type": "Feature", "geometry": {"type": "Point", "coordinates": [-81.38805479999999, 28.4485636]}, "properties": {"chain": "miniso", "name": "MINISO", "sector": "lifestyle_variety", "fr": 1, "fdd": 1, "kind": "store", "status": "open", "address": "730 W Sand Lake Rd Suite 110", "city": "Orlando", "state": "FL"}}, {"type": "Feature", "geometry": {"type": "Point", "coordinates": [-96.35351949999999, 42.4464633]}, "properties": {"chain": "miniso", "name": "MINISO", "sector": "lifestyle_variety", "fr": 1, "fdd": 1, "kind": "store", "status": "open", "address": "4400 Sergeant Rd", "city": "Sioux City", "state": "IA"}}, {"type": "Feature", "geometry": {"type": "Point", "coordinates": [-121.2685274, 38.7732983]}, "properties": {"chain": "miniso", "name": "MINISO", "sector": "lifestyle_variety", "fr": 1, "fdd": 1, "kind": "store", "status": "open", "address": "1151 Galleria Blvd", "city": "Roseville", "state": "CA"}}, {"type": "Feature", "geometry": {"type": "Point", "coordinates": [-121.6318751, 39.14335579999999]}, "properties": {"chain": "miniso", "name": "MINISO", "sector": "lifestyle_variety", "fr": 1, "fdd": 1, "kind": "store", "status": "open", "address": "1215 Colusa Ave", "city": "Yuba City", "state": "CA"}}, {"type": "Feature", "geometry": {"type": "Point", "coordinates": [-110.8655151, 32.2197705]}, "properties": {"chain": "miniso", "name": "MINISO", "sector": "lifestyle_variety", "fr": 1, "fdd": 1, "kind": "store", "status": "open", "address": "5870 E Broadway Blvd", "city": "Tucson", "state": "AZ"}}, {"type": "Feature", "geometry": {"type": "Point", "coordinates": [-87.8072349, 41.9615851]}, "properties": {"chain": "miniso", "name": "MINISO", "sector": "lifestyle_variety", "fr": 1, "fdd": 1, "kind": "store", "status": "open", "address": "4190-A N Harlem Ave", "city": "Norridge", "state": "IL"}}, {"type": "Feature", "geometry": {"type": "Point", "coordinates": [-121.844067, 37.6990221]}, "properties": {"chain": "miniso", "name": "MINISO", "sector": "lifestyle_variety", "fr": 1, "fdd": 1, "kind": "store", "status": "open", "address": "2774 Livermore Outlets Dr #540", "city": "Livermore", "state": "CA"}}, {"type": "Feature", "geometry": {"type": "Point", "coordinates": [-101.9294804, 35.1841202]}, "properties": {"chain": "miniso", "name": "MINISO", "sector": "lifestyle_variety", "fr": 1, "fdd": 1, "kind": "store", "status": "open", "address": "7701 I-40", "city": "Amarillo", "state": "TX"}}, {"type": "Feature", "geometry": {"type": "Point", "coordinates": [-77.23613, 39.1798143]}, "properties": {"chain": "miniso", "name": "MINISO", "sector": "lifestyle_variety", "fr": 1, "fdd": 1, "kind": "store", "status": "open", "address": "19745 Frederick Rd", "city": "Germantown", "state": "MD"}}, {"type": "Feature", "geometry": {"type": "Point", "coordinates": [-117.45699, 33.909612]}, "properties": {"chain": "miniso", "name": "MINISO", "sector": "lifestyle_variety", "fr": 1, "fdd": 1, "kind": "store", "status": "open", "address": "1299 Galleria at Tyler", "city": "Riverside", "state": "CA"}}, {"type": "Feature", "geometry": {"type": "Point", "coordinates": [-111.9236664, 33.6366044]}, "properties": {"chain": "miniso", "name": "MINISO", "sector": "lifestyle_variety", "fr": 1, "fdd": 1, "kind": "store", "status": "open", "address": "16455 N Scottsdale Rd #115", "city": "Scottsdale", "state": "AZ"}}, {"type": "Feature", "geometry": {"type": "Point", "coordinates": [-74.55384610000002, 40.9071835]}, "properties": {"chain": "miniso", "name": "MINISO", "sector": "lifestyle_variety", "fr": 1, "fdd": 1, "kind": "store", "status": "open", "address": "301 Mt Hope Ave", "city": "Rockaway", "state": "NJ"}}, {"type": "Feature", "geometry": {"type": "Point", "coordinates": [-99.5000931, 27.5528119]}, "properties": {"chain": "miniso", "name": "MINISO", "sector": "lifestyle_variety", "fr": 1, "fdd": 1, "kind": "store", "status": "open", "address": "5300 San Dario Ave", "city": "Laredo", "state": "TX"}}, {"type": "Feature", "geometry": {"type": "Point", "coordinates": [-118.0837364, 34.0365535]}, "properties": {"chain": "miniso", "name": "MINISO", "sector": "lifestyle_variety", "fr": 1, "fdd": 1, "kind": "store", "status": "open", "address": "2134 Montebello Town Center", "city": "Montebello", "state": "CA"}}, {"type": "Feature", "geometry": {"type": "Point", "coordinates": [-105.1595216, 39.7317429]}, "properties": {"chain": "miniso", "name": "MINISO", "sector": "lifestyle_variety", "fr": 1, "fdd": 1, "kind": "store", "status": "open", "address": "14500 W Colfax Ave", "city": "Lakewood", "state": "CO"}}, {"type": "Feature", "geometry": {"type": "Point", "coordinates": [-105.1332065, 39.93305410000001]}, "properties": {"chain": "miniso", "name": "MINISO", "sector": "lifestyle_variety", "fr": 1, "fdd": 1, "kind": "store", "status": "open", "address": "1 W Flatiron Crossing Dr", "city": "Broomfield", "state": "CO"}}, {"type": "Feature", "geometry": {"type": "Point", "coordinates": [-88.20898679999999, 41.7635289]}, "properties": {"chain": "miniso", "name": "MINISO", "sector": "lifestyle_variety", "fr": 1, "fdd": 1, "kind": "store", "status": "open", "address": "4300-4462 E New York St", "city": "Aurora", "state": "IL"}}, {"type": "Feature", "geometry": {"type": "Point", "coordinates": [-92.0728961, 30.1703228]}, "properties": {"chain": "miniso", "name": "MINISO", "sector": "lifestyle_variety", "fr": 1, "fdd": 1, "kind": "store", "status": "open", "address": "5725 Johnston St", "city": "Lafayette", "state": "LA"}}, {"type": "Feature", "geometry": {"type": "Point", "coordinates": [-106.5702173, 35.1071051]}, "properties": {"chain": "miniso", "name": "MINISO", "sector": "lifestyle_variety", "fr": 1, "fdd": 1, "kind": "store", "status": "open", "address": "6600 Menaul Blvd NE Suite 1", "city": "Albuquerque", "state": "NM"}}, {"type": "Feature", "geometry": {"type": "Point", "coordinates": [-117.1554961, 32.74872879999999]}, "properties": {"chain": "miniso", "name": "MINISO", "sector": "lifestyle_variety", "fr": 1, "fdd": 1, "kind": "store", "status": "open", "address": "940-1092 University Ave", "city": "San Diego", "state": "CA"}}, {"type": "Feature", "geometry": {"type": "Point", "coordinates": [-87.8101417, 41.8473439]}, "properties": {"chain": "miniso", "name": "MINISO", "sector": "lifestyle_variety", "fr": 1, "fdd": 1, "kind": "store", "status": "open", "address": "7501 Cermak Rd", "city": "North Riverside", "state": "IL"}}, {"type": "Feature", "geometry": {"type": "Point", "coordinates": [-93.42585989999999, 44.8542419]}, "properties": {"chain": "miniso", "name": "MINISO", "sector": "lifestyle_variety", "fr": 1, "fdd": 1, "kind": "store", "status": "open", "address": "8251 Flying Cloud Drive", "city": "Eden Prairie", "state": "MN"}}, {"type": "Feature", "geometry": {"type": "Point", "coordinates": [-118.0945734, 33.8673125]}, "properties": {"chain": "miniso", "name": "MINISO", "sector": "lifestyle_variety", "fr": 1, "fdd": 1, "kind": "store", "status": "open", "address": "11215 183rd St Ste #A180", "city": "Cerritos", "state": "CA"}}, {"type": "Feature", "geometry": {"type": "Point", "coordinates": [-105.0773188, 39.7094849]}, "properties": {"chain": "miniso", "name": "MINISO", "sector": "lifestyle_variety", "fr": 1, "fdd": 1, "kind": "store", "status": "open", "address": "7239 W Alaska Dr", "city": "Lakewood", "state": "CO"}}, {"type": "Feature", "geometry": {"type": "Point", "coordinates": [-85.44819489999999, 32.627776]}, "properties": {"chain": "miniso", "name": "MINISO", "sector": "lifestyle_variety", "fr": 1, "fdd": 1, "kind": "store", "status": "open", "address": "1627 Opelika Rd", "city": "Auburn", "state": "AL"}}, {"type": "Feature", "geometry": {"type": "Point", "coordinates": [-81.5539865, 30.1845565]}, "properties": {"chain": "miniso", "name": "MINISO", "sector": "lifestyle_variety", "fr": 1, "fdd": 1, "kind": "store", "status": "open", "address": "10300 Southside Blvd", "city": "Jacksonville", "state": "FL"}}, {"type": "Feature", "geometry": {"type": "Point", "coordinates": [-88.1658427, 41.5770512]}, "properties": {"chain": "miniso", "name": "MINISO", "sector": "lifestyle_variety", "fr": 1, "fdd": 1, "kind": "store", "status": "open", "address": "3340 Mall Loop Dr #1508", "city": "Joliet", "state": "IL"}}, {"type": "Feature", "geometry": {"type": "Point", "coordinates": [-82.9809004, 40.1430338]}, "properties": {"chain": "miniso", "name": "MINISO", "sector": "lifestyle_variety", "fr": 1, "fdd": 1, "kind": "store", "status": "open", "address": "1500 Polaris Pkwy", "city": "Columbus", "state": "OH"}}, {"type": "Feature", "geometry": {"type": "Point", "coordinates": [-74.298621, 40.2546296]}, "properties": {"chain": "miniso", "name": "MINISO", "sector": "lifestyle_variety", "fr": 1, "fdd": 1, "kind": "store", "status": "open", "address": "3710 U.S. 9", "city": "Freehold", "state": "NJ"}}, {"type": "Feature", "geometry": {"type": "Point", "coordinates": [-81.4207728, 28.6568028]}, "properties": {"chain": "miniso", "name": "MINISO", "sector": "lifestyle_variety", "fr": 1, "fdd": 1, "kind": "store", "status": "open", "address": "380 S. State Road 434", "city": "Altamonte Springs", "state": "FL"}}, {"type": "Feature", "geometry": {"type": "Point", "coordinates": [-95.2702395, 30.0094843]}, "properties": {"chain": "miniso", "name": "MINISO", "sector": "lifestyle_variety", "fr": 1, "fdd": 1, "kind": "store", "status": "open", "address": "20131 US-59 Suite #1380", "city": "Humble", "state": "TX"}}, {"type": "Feature", "geometry": {"type": "Point", "coordinates": [-89.50585699999999, 43.0571737]}, "properties": {"chain": "miniso", "name": "MINISO", "sector": "lifestyle_variety", "fr": 1, "fdd": 1, "kind": "store", "status": "open", "address": "66 W Towne Mall", "city": "Madison", "state": "WI"}}, {"type": "Feature", "geometry": {"type": "Point", "coordinates": [-95.05601460000001, 29.42578259999999]}, "properties": {"chain": "miniso", "name": "MINISO", "sector": "lifestyle_variety", "fr": 1, "fdd": 1, "kind": "store", "status": "open", "address": "5885 Gulf Fwy", "city": "Texas City", "state": "TX"}}, {"type": "Feature", "geometry": {"type": "Point", "coordinates": [-77.4440221, 43.0293988]}, "properties": {"chain": "miniso", "name": "MINISO", "sector": "lifestyle_variety", "fr": 1, "fdd": 1, "kind": "store", "status": "open", "address": "7979 Pittsford Victor Rd", "city": "Victor", "state": "NY"}}, {"type": "Feature", "geometry": {"type": "Point", "coordinates": [-97.28086599999999, 33.0220795]}, "properties": {"chain": "miniso", "name": "MINISO", "sector": "lifestyle_variety", "fr": 1, "fdd": 1, "kind": "store", "status": "open", "address": "15853 N Fwy", "city": "Fort Worth", "state": "TX"}}, {"type": "Feature", "geometry": {"type": "Point", "coordinates": [-118.0313279, 33.9608384]}, "properties": {"chain": "miniso", "name": "MINISO", "sector": "lifestyle_variety", "fr": 1, "fdd": 1, "kind": "store", "status": "open", "address": "13528 Whittier Boulevard", "city": "Whittier", "state": "CA"}}, {"type": "Feature", "geometry": {"type": "Point", "coordinates": [-89.37603039999999, 31.3254897]}, "properties": {"chain": "miniso", "name": "MINISO", "sector": "lifestyle_variety", "fr": 1, "fdd": 1, "kind": "store", "status": "open", "address": "1000 Turtle Creek Dr", "city": "Hattiesburg", "state": "MS"}}, {"type": "Feature", "geometry": {"type": "Point", "coordinates": [-96.6970363, 33.0397868]}, "properties": {"chain": "miniso", "name": "MINISO", "sector": "lifestyle_variety", "fr": 1, "fdd": 1, "kind": "store", "status": "open", "address": "3320 K Ave", "city": "Plano", "state": "TX"}}, {"type": "Feature", "geometry": {"type": "Point", "coordinates": [-111.6893473, 33.3909124]}, "properties": {"chain": "miniso", "name": "MINISO", "sector": "lifestyle_variety", "fr": 1, "fdd": 1, "kind": "store", "status": "open", "address": "6555 E Southern Ave", "city": "Mesa", "state": "AZ"}}, {"type": "Feature", "geometry": {"type": "Point", "coordinates": [-78.92352029999999, 33.702387]}, "properties": {"chain": "miniso", "name": "MINISO", "sector": "lifestyle_variety", "fr": 1, "fdd": 1, "kind": "store", "status": "open", "address": "2000 Coastal Grand Cir", "city": "Myrtle Beach", "state": "SC"}}, {"type": "Feature", "geometry": {"type": "Point", "coordinates": [-81.4941423, 41.49848799999999]}, "properties": {"chain": "miniso", "name": "MINISO", "sector": "lifestyle_variety", "fr": 1, "fdd": 1, "kind": "store", "status": "open", "address": "26300 Cedar Rd", "city": "Beachwood", "state": "OH"}}, {"type": "Feature", "geometry": {"type": "Point", "coordinates": [-117.1932424, 33.1381079]}, "properties": {"chain": "miniso", "name": "MINISO", "sector": "lifestyle_variety", "fr": 1, "fdd": 1, "kind": "store", "status": "open", "address": "189 S Las Posas Rd", "city": "San Marcos", "state": "CA"}}, {"type": "Feature", "geometry": {"type": "Point", "coordinates": [-112.2667168, 33.5341349]}, "properties": {"chain": "miniso", "name": "MINISO", "sector": "lifestyle_variety", "fr": 1, "fdd": 1, "kind": "store", "status": "open", "address": "6800 N 95th Ave", "city": "Glendale", "state": "AZ"}}, {"type": "Feature", "geometry": {"type": "Point", "coordinates": [-76.59902780000002, 39.4042658]}, "properties": {"chain": "miniso", "name": "MINISO", "sector": "lifestyle_variety", "fr": 1, "fdd": 1, "kind": "store", "status": "open", "address": "825 Dulaney Valley Rd", "city": "Towson", "state": "MD"}}, {"type": "Feature", "geometry": {"type": "Point", "coordinates": [-122.0606765, 37.9671801]}, "properties": {"chain": "miniso", "name": "MINISO", "sector": "lifestyle_variety", "fr": 1, "fdd": 1, "kind": "store", "status": "open", "address": "1 Sun Valley Mall Space 201", "city": "Concord", "state": "CA"}}, {"type": "Feature", "geometry": {"type": "Point", "coordinates": [-71.1207368, 42.3736904]}, "properties": {"chain": "miniso", "name": "MINISO", "sector": "lifestyle_variety", "fr": 1, "fdd": 1, "kind": "store", "status": "open", "address": "31 Brattle St", "city": "Cambridge", "state": "MA"}}, {"type": "Feature", "geometry": {"type": "Point", "coordinates": [-117.9425707, 33.841028]}, "properties": {"chain": "miniso", "name": "MINISO", "sector": "lifestyle_variety", "fr": 1, "fdd": 1, "kind": "store", "status": "open", "address": "673 N Euclid St", "city": "Anaheim", "state": "CA"}}, {"type": "Feature", "geometry": {"type": "Point", "coordinates": [-74.39759880000001, 40.50660269999999]}, "properties": {"chain": "miniso", "name": "MINISO", "sector": "lifestyle_variety", "fr": 1, "fdd": 1, "kind": "store", "status": "open", "address": "561 U.S. Rte 1", "city": "Edison", "state": "NJ"}}, {"type": "Feature", "geometry": {"type": "Point", "coordinates": [-95.6244605, 29.59084]}, "properties": {"chain": "miniso", "name": "MINISO", "sector": "lifestyle_variety", "fr": 1, "fdd": 1, "kind": "store", "status": "open", "address": "16535 Southwest Fwy Suite #307", "city": "Sugar Land", "state": "TX"}}, {"type": "Feature", "geometry": {"type": "Point", "coordinates": [-117.9332481, 33.989324]}, "properties": {"chain": "miniso", "name": "MINISO", "sector": "lifestyle_variety", "fr": 1, "fdd": 1, "kind": "store", "status": "open", "address": "17160 D Colima Rd", "city": "Hacienda Heights", "state": "CA"}}, {"type": "Feature", "geometry": {"type": "Point", "coordinates": [-118.1201477, 33.9357861]}, "properties": {"chain": "miniso", "name": "MINISO", "sector": "lifestyle_variety", "fr": 1, "fdd": 1, "kind": "store", "status": "open", "address": "251 Stonewood St", "city": "Downey", "state": "CA"}}, {"type": "Feature", "geometry": {"type": "Point", "coordinates": [-117.2068691, 47.67354419999999]}, "properties": {"chain": "miniso", "name": "MINISO", "sector": "lifestyle_variety", "fr": 1, "fdd": 1, "kind": "store", "status": "open", "address": "14700 E. Indiana Ave", "city": "Spokane Valley", "state": "WA"}}, {"type": "Feature", "geometry": {"type": "Point", "coordinates": [-80.2084273, 26.6452826]}, "properties": {"chain": "miniso", "name": "MINISO", "sector": "lifestyle_variety", "fr": 1, "fdd": 1, "kind": "store", "status": "open", "address": "10300 Forest Hill Blvd", "city": "Wellington", "state": "FL"}}, {"type": "Feature", "geometry": {"type": "Point", "coordinates": [-95.5445324, 29.7054336]}, "properties": {"chain": "miniso", "name": "MINISO", "sector": "lifestyle_variety", "fr": 1, "fdd": 1, "kind": "store", "status": "open", "address": "9188 Bellaire Blvd # K", "city": "Houston", "state": "TX"}}, {"type": "Feature", "geometry": {"type": "Point", "coordinates": [-95.8816525, 36.0633437]}, "properties": {"chain": "miniso", "name": "MINISO", "sector": "lifestyle_variety", "fr": 1, "fdd": 1, "kind": "store", "status": "open", "address": "7021 S Memorial Dr", "city": "Tulsa", "state": "OK"}}, {"type": "Feature", "geometry": {"type": "Point", "coordinates": [-97.6872791, 30.3776817]}, "properties": {"chain": "miniso", "name": "MINISO", "sector": "lifestyle_variety", "fr": 1, "fdd": 1, "kind": "store", "status": "open", "address": "10901 North Lamar Blvd.", "city": "Austin", "state": "TX"}}, {"type": "Feature", "geometry": {"type": "Point", "coordinates": [-117.3317198, 33.1775313]}, "properties": {"chain": "miniso", "name": "MINISO", "sector": "lifestyle_variety", "fr": 1, "fdd": 1, "kind": "store", "status": "open", "address": "2525 El Camino Real", "city": "Carlsbad", "state": "CA"}}, {"type": "Feature", "geometry": {"type": "Point", "coordinates": [-82.3340927, 34.8490186]}, "properties": {"chain": "miniso", "name": "MINISO", "sector": "lifestyle_variety", "fr": 1, "fdd": 1, "kind": "store", "status": "open", "address": "700 Haywood Rd", "city": "Greenville", "state": "SC"}}, {"type": "Feature", "geometry": {"type": "Point", "coordinates": [-117.4331318, 34.0653257]}, "properties": {"chain": "miniso", "name": "MINISO", "sector": "lifestyle_variety", "fr": 1, "fdd": 1, "kind": "store", "status": "open", "address": "17030 Slover Ave Ste #A103", "city": "Fontana", "state": "CA"}}, {"type": "Feature", "geometry": {"type": "Point", "coordinates": [-122.1876579, 48.093359]}, "properties": {"chain": "miniso", "name": "MINISO", "sector": "lifestyle_variety", "fr": 1, "fdd": 1, "kind": "store", "status": "open", "address": "10600 Quil Ceda Blvd", "city": "Tulalip", "state": "WA"}}, {"type": "Feature", "geometry": {"type": "Point", "coordinates": [-84.21799349999999, 33.9811303]}, "properties": {"chain": "miniso", "name": "MINISO", "sector": "lifestyle_variety", "fr": 1, "fdd": 1, "kind": "store", "status": "open", "address": "5155 Peachtree Pkwy NW #1015", "city": "Norcross", "state": "GA"}}, {"type": "Feature", "geometry": {"type": "Point", "coordinates": [-92.9229148, 44.9472537]}, "properties": {"chain": "miniso", "name": "MINISO", "sector": "lifestyle_variety", "fr": 1, "fdd": 1, "kind": "store", "status": "open", "address": "9140 Hudson Rd Ste #508", "city": "Woodbury", "state": "MN"}}, {"type": "Feature", "geometry": {"type": "Point", "coordinates": [-84.4674704, 33.8799898]}, "properties": {"chain": "miniso", "name": "MINISO", "sector": "lifestyle_variety", "fr": 1, "fdd": 1, "kind": "store", "status": "open", "address": "2860 Cumberland Mall", "city": "Atlanta", "state": "GA"}}, {"type": "Feature", "geometry": {"type": "Point", "coordinates": [-93.804166, 41.5697524]}, "properties": {"chain": "miniso", "name": "MINISO", "sector": "lifestyle_variety", "fr": 1, "fdd": 1, "kind": "store", "status": "open", "address": "101 Jordan Creek Pkwy", "city": "West Des Moines", "state": "IA"}}, {"type": "Feature", "geometry": {"type": "Point", "coordinates": [-117.3469344, 34.4740548]}, "properties": {"chain": "miniso", "name": "MINISO", "sector": "lifestyle_variety", "fr": 1, "fdd": 1, "kind": "store", "status": "open", "address": "14400 Bear Valley Rd #821", "city": "Victorville", "state": "CA"}}, {"type": "Feature", "geometry": {"type": "Point", "coordinates": [-88.4703615, 44.2687799]}, "properties": {"chain": "miniso", "name": "MINISO", "sector": "lifestyle_variety", "fr": 1, "fdd": 1, "kind": "store", "status": "open", "address": "4301 W Wisconsin Ave", "city": "Appleton", "state": "WI"}}, {"type": "Feature", "geometry": {"type": "Point", "coordinates": [-121.9758376, 37.5017457]}, "properties": {"chain": "miniso", "name": "MINISO", "sector": "lifestyle_variety", "fr": 1, "fdd": 1, "kind": "store", "status": "open", "address": "43485 Boscell Rd", "city": "Fremont", "state": "CA"}}, {"type": "Feature", "geometry": {"type": "Point", "coordinates": [-101.9251792, 33.5392749]}, "properties": {"chain": "miniso", "name": "MINISO", "sector": "lifestyle_variety", "fr": 1, "fdd": 1, "kind": "store", "status": "open", "address": "6002 Slide Rd", "city": "Lubbock", "state": "TX"}}, {"type": "Feature", "geometry": {"type": "Point", "coordinates": [-117.5924534, 34.1203209]}, "properties": {"chain": "miniso", "name": "MINISO", "sector": "lifestyle_variety", "fr": 1, "fdd": 1, "kind": "store", "status": "open", "address": "9749 Base Line Rd", "city": "Rancho Cucamonga", "state": "CA"}}, {"type": "Feature", "geometry": {"type": "Point", "coordinates": [-97.5450343, 35.5252155]}, "properties": {"chain": "miniso", "name": "MINISO", "sector": "lifestyle_variety", "fr": 1, "fdd": 1, "kind": "store", "status": "open", "address": "1901 Northwest Expy", "city": "Oklahoma City", "state": "OK"}}, {"type": "Feature", "geometry": {"type": "Point", "coordinates": [-88.121512, 30.6722559]}, "properties": {"chain": "miniso", "name": "MINISO", "sector": "lifestyle_variety", "fr": 1, "fdd": 1, "kind": "store", "status": "open", "address": "3299 Joe Treadwell Dr", "city": "Mobile", "state": "AL"}}, {"type": "Feature", "geometry": {"type": "Point", "coordinates": [-80.3000694, 36.0703319]}, "properties": {"chain": "miniso", "name": "MINISO", "sector": "lifestyle_variety", "fr": 1, "fdd": 1, "kind": "store", "status": "open", "address": "3320 Silas Creek Pkwy", "city": "Winston-Salem", "state": "NC"}}, {"type": "Feature", "geometry": {"type": "Point", "coordinates": [-83.3206503, 30.8437269]}, "properties": {"chain": "miniso", "name": "MINISO", "sector": "lifestyle_variety", "fr": 1, "fdd": 1, "kind": "store", "status": "open", "address": "1700 Norman Dr", "city": "Valdosta", "state": "GA"}}, {"type": "Feature", "geometry": {"type": "Point", "coordinates": [-80.0559439, 40.3413557]}, "properties": {"chain": "miniso", "name": "MINISO", "sector": "lifestyle_variety", "fr": 1, "fdd": 1, "kind": "store", "status": "open", "address": "301 S Hills Village", "city": "Pittsburgh", "state": "PA"}}, {"type": "Feature", "geometry": {"type": "Point", "coordinates": [-87.8479156, 41.6194594]}, "properties": {"chain": "miniso", "name": "MINISO", "sector": "lifestyle_variety", "fr": 1, "fdd": 1, "kind": "store", "status": "open", "address": "288 Orland Square Dr", "city": "Orland Park", "state": "IL"}}, {"type": "Feature", "geometry": {"type": "Point", "coordinates": [-115.2841667, 36.2825]}, "properties": {"chain": "miniso", "name": "MINISO", "sector": "lifestyle_variety", "fr": 1, "fdd": 1, "kind": "store", "status": "open", "address": "6690 N Durango Dr", "city": "Las Vegas", "state": "NV"}}, {"type": "Feature", "geometry": {"type": "Point", "coordinates": [-117.153689, 33.5259384]}, "properties": {"chain": "miniso", "name": "MINISO", "sector": "lifestyle_variety", "fr": 1, "fdd": 1, "kind": "store", "status": "open", "address": "40820 Winchester Rd", "city": "Temecula", "state": "CA"}}, {"type": "Feature", "geometry": {"type": "Point", "coordinates": [-76.5430548, 38.9900607]}, "properties": {"chain": "miniso", "name": "MINISO", "sector": "lifestyle_variety", "fr": 1, "fdd": 1, "kind": "store", "status": "open", "address": "2002 Annapolis Mall", "city": "Annapolis", "state": "MD"}}, {"type": "Feature", "geometry": {"type": "Point", "coordinates": [-118.0725786, 34.1045323]}, "properties": {"chain": "miniso", "name": "MINISO", "sector": "lifestyle_variety", "fr": 1, "fdd": 1, "kind": "store", "status": "open", "address": "5770 Rosemead Blvd", "city": "Temple City", "state": "CA"}}, {"type": "Feature", "geometry": {"type": "Point", "coordinates": [-97.741478, 30.388565]}, "properties": {"chain": "miniso", "name": "MINISO", "sector": "lifestyle_variety", "fr": 1, "fdd": 1, "kind": "store", "status": "open", "address": "9607 Research Blvd Ste #450", "city": "Austin", "state": "TX"}}, {"type": "Feature", "geometry": {"type": "Point", "coordinates": [-122.4680134, 47.2153216]}, "properties": {"chain": "miniso", "name": "MINISO", "sector": "lifestyle_variety", "fr": 1, "fdd": 1, "kind": "store", "status": "open", "address": "4502 S Steele St", "city": "Tacoma", "state": "WA"}}, {"type": "Feature", "geometry": {"type": "Point", "coordinates": [-81.3770929, 28.6671237]}, "properties": {"chain": "miniso", "name": "MINISO", "sector": "lifestyle_variety", "fr": 1, "fdd": 1, "kind": "store", "status": "open", "address": "451 E Altamonte Dr Suite 2165", "city": "Altamonte Springs", "state": "FL"}}, {"type": "Feature", "geometry": {"type": "Point", "coordinates": [-97.09628219999999, 32.8783829]}, "properties": {"chain": "miniso", "name": "MINISO", "sector": "lifestyle_variety", "fr": 1, "fdd": 1, "kind": "store", "status": "open", "address": "2800 Hwy 121", "city": "Euless", "state": "TX"}}, {"type": "Feature", "geometry": {"type": "Point", "coordinates": [-73.9948757, 40.6031902]}, "properties": {"chain": "miniso", "name": "MINISO", "sector": "lifestyle_variety", "fr": 1, "fdd": 1, "kind": "store", "status": "open", "address": "2125 86th St", "city": "Brooklyn", "state": "NY"}}, {"type": "Feature", "geometry": {"type": "Point", "coordinates": [-118.3472491, 33.8325544]}, "properties": {"chain": "miniso", "name": "MINISO", "sector": "lifestyle_variety", "fr": 1, "fdd": 1, "kind": "store", "status": "open", "address": "3525 W Carson St", "city": "Torrance", "state": "CA"}}, {"type": "Feature", "geometry": {"type": "Point", "coordinates": [-77.3934479, 37.2542638]}, "properties": {"chain": "miniso", "name": "MINISO", "sector": "lifestyle_variety", "fr": 1, "fdd": 1, "kind": "store", "status": "open", "address": "230 Southpark Cir", "city": "Colonial Heights", "state": "VA"}}, {"type": "Feature", "geometry": {"type": "Point", "coordinates": [-97.3203298, 32.5703786]}, "properties": {"chain": "miniso", "name": "MINISO", "sector": "lifestyle_variety", "fr": 1, "fdd": 1, "kind": "store", "status": "open", "address": "12860 South FWY", "city": "Burleson", "state": "TX"}}, {"type": "Feature", "geometry": {"type": "Point", "coordinates": [-95.30273609999999, 32.2991781]}, "properties": {"chain": "miniso", "name": "MINISO", "sector": "lifestyle_variety", "fr": 1, "fdd": 1, "kind": "store", "status": "open", "address": "4601 S Broadway Ave", "city": "Tyler", "state": "TX"}}, {"type": "Feature", "geometry": {"type": "Point", "coordinates": [-117.041894, 32.5443104]}, "properties": {"chain": "miniso", "name": "MINISO", "sector": "lifestyle_variety", "fr": 1, "fdd": 1, "kind": "store", "status": "open", "address": "4211 Camino De La Plaza", "city": "San Diego", "state": "CA"}}, {"type": "Feature", "geometry": {"type": "Point", "coordinates": [-122.9577157, 45.50807289999999]}, "properties": {"chain": "miniso", "name": "MINISO", "sector": "lifestyle_variety", "fr": 1, "fdd": 1, "kind": "store", "status": "open", "address": "2223 SE Tualatin Valley Hwy", "city": "Hillsboro", "state": "OR"}}, {"type": "Feature", "geometry": {"type": "Point", "coordinates": [-121.3118368, 37.9949307]}, "properties": {"chain": "miniso", "name": "MINISO", "sector": "lifestyle_variety", "fr": 1, "fdd": 1, "kind": "store", "status": "open", "address": "4950 Pacific Ave", "city": "Stockton", "state": "CA"}}, {"type": "Feature", "geometry": {"type": "Point", "coordinates": [-93.3545023, 45.1997718]}, "properties": {"chain": "miniso", "name": "MINISO", "sector": "lifestyle_variety", "fr": 1, "fdd": 1, "kind": "store", "status": "open", "address": "12774 Riverdale Blvd", "city": "Coon Rapids", "state": "MN"}}, {"type": "Feature", "geometry": {"type": "Point", "coordinates": [-122.5554142, 45.5171552]}, "properties": {"chain": "miniso", "name": "MINISO", "sector": "lifestyle_variety", "fr": 1, "fdd": 1, "kind": "store", "status": "open", "address": "10544 SE Washington St", "city": "Portland", "state": "OR"}}, {"type": "Feature", "geometry": {"type": "Point", "coordinates": [-71.47594500000001, 41.7232634]}, "properties": {"chain": "miniso", "name": "MINISO", "sector": "lifestyle_variety", "fr": 1, "fdd": 1, "kind": "store", "status": "open", "address": "400 Bald Hill Rd", "city": "Warwick", "state": "RI"}}, {"type": "Feature", "geometry": {"type": "Point", "coordinates": [-104.822972, 39.7092942]}, "properties": {"chain": "miniso", "name": "MINISO", "sector": "lifestyle_variety", "fr": 1, "fdd": 1, "kind": "store", "status": "open", "address": "14200 E Alameda Ave", "city": "Aurora", "state": "CO"}}, {"type": "Feature", "geometry": {"type": "Point", "coordinates": [-82.1730628, 29.1590819]}, "properties": {"chain": "miniso", "name": "MINISO", "sector": "lifestyle_variety", "fr": 1, "fdd": 1, "kind": "store", "status": "open", "address": "3100 SW College Rd", "city": "Ocala", "state": "FL"}}, {"type": "Feature", "geometry": {"type": "Point", "coordinates": [-80.8772122, 35.0816757]}, "properties": {"chain": "miniso", "name": "MINISO", "sector": "lifestyle_variety", "fr": 1, "fdd": 1, "kind": "store", "status": "open", "address": "11025 Carolina Pl Pkwy", "city": "Pineville", "state": "NC"}}, {"type": "Feature", "geometry": {"type": "Point", "coordinates": [-85.13591559999999, 41.1133061]}, "properties": {"chain": "miniso", "name": "MINISO", "sector": "lifestyle_variety", "fr": 1, "fdd": 1, "kind": "store", "status": "open", "address": "4201 Coldwater Rd", "city": "Fort Wayne", "state": "IN"}}, {"type": "Feature", "geometry": {"type": "Point", "coordinates": [-94.7218821, 38.9549153]}, "properties": {"chain": "miniso", "name": "MINISO", "sector": "lifestyle_variety", "fr": 1, "fdd": 1, "kind": "store", "status": "open", "address": "11149 W 95th St", "city": "Overland Park", "state": "KS"}}, {"type": "Feature", "geometry": {"type": "Point", "coordinates": [-122.2697217, 47.8305245]}, "properties": {"chain": "miniso", "name": "MINISO", "sector": "lifestyle_variety", "fr": 1, "fdd": 1, "kind": "store", "status": "open", "address": "3000 184th St SW #0206", "city": "Lynnwood", "state": "WA"}}, {"type": "Feature", "geometry": {"type": "Point", "coordinates": [-85.62232709999999, 38.2468253]}, "properties": {"chain": "miniso", "name": "MINISO", "sector": "lifestyle_variety", "fr": 1, "fdd": 1, "kind": "store", "status": "open", "address": "5000 Shelbyville Rd", "city": "Louisville", "state": "KY"}}, {"type": "Feature", "geometry": {"type": "Point", "coordinates": [-122.9339839, 47.0416645]}, "properties": {"chain": "miniso", "name": "MINISO", "sector": "lifestyle_variety", "fr": 1, "fdd": 1, "kind": "store", "status": "open", "address": "625 Black Lake Blvd SW", "city": "Olympia", "state": "WA"}}, {"type": "Feature", "geometry": {"type": "Point", "coordinates": [-80.2742942, 27.2410623]}, "properties": {"chain": "miniso", "name": "MINISO", "sector": "lifestyle_variety", "fr": 1, "fdd": 1, "kind": "store", "status": "open", "address": "3174 NW Federal Hwy", "city": "Jensen Beach", "state": "FL"}}, {"type": "Feature", "geometry": {"type": "Point", "coordinates": [-118.5560878, 34.2384139]}, "properties": {"chain": "miniso", "name": "MINISO", "sector": "lifestyle_variety", "fr": 1, "fdd": 1, "kind": "store", "status": "open", "address": "9301 Tampa Ave", "city": "Northridge", "state": "CA"}}, {"type": "Feature", "geometry": {"type": "Point", "coordinates": [-88.0057298, 41.8415829]}, "properties": {"chain": "miniso", "name": "MINISO", "sector": "lifestyle_variety", "fr": 1, "fdd": 1, "kind": "store", "status": "open", "address": "203 Yorktown Shopping Center", "city": "Lombard", "state": "IL"}}, {"type": "Feature", "geometry": {"type": "Point", "coordinates": [-96.84625620000001, 46.85894990000001]}, "properties": {"chain": "miniso", "name": "MINISO", "sector": "lifestyle_variety", "fr": 1, "fdd": 1, "kind": "store", "status": "open", "address": "3902 13th Ave S", "city": "Fargo", "state": "ND"}}, {"type": "Feature", "geometry": {"type": "Point", "coordinates": [-84.74657309999999, 33.8876647]}, "properties": {"chain": "miniso", "name": "MINISO", "sector": "lifestyle_variety", "fr": 1, "fdd": 1, "kind": "store", "status": "open", "address": "5220 Jimmy Lee Smith Pkwy #5", "city": "Hiram", "state": "GA"}}, {"type": "Feature", "geometry": {"type": "Point", "coordinates": [-85.7560902, 42.8793618]}, "properties": {"chain": "miniso", "name": "MINISO", "sector": "lifestyle_variety", "fr": 1, "fdd": 1, "kind": "store", "status": "open", "address": "3700 Rivertown Pkwy", "city": "Grandville", "state": "MI"}}, {"type": "Feature", "geometry": {"type": "Point", "coordinates": [-97.24741829999999, 37.6826997]}, "properties": {"chain": "miniso", "name": "MINISO", "sector": "lifestyle_variety", "fr": 1, "fdd": 1, "kind": "store", "status": "open", "address": "7700 E Kellogg Dr", "city": "Wichita", "state": "KS"}}, {"type": "Feature", "geometry": {"type": "Point", "coordinates": [-82.2666047, 38.4210683]}, "properties": {"chain": "miniso", "name": "MINISO", "sector": "lifestyle_variety", "fr": 1, "fdd": 1, "kind": "store", "status": "open", "address": "500 Mall Road &", "city": "Barboursville", "state": "WV"}}, {"type": "Feature", "geometry": {"type": "Point", "coordinates": [-95.4591063, 29.0505355]}, "properties": {"chain": "miniso", "name": "MINISO", "sector": "lifestyle_variety", "fr": 1, "fdd": 1, "kind": "store", "status": "open", "address": "100 TX-332", "city": "Lake Jackson", "state": "TX"}}, {"type": "Feature", "geometry": {"type": "Point", "coordinates": [-80.72332569999999, 35.3702135]}, "properties": {"chain": "miniso", "name": "MINISO", "sector": "lifestyle_variety", "fr": 1, "fdd": 1, "kind": "store", "status": "open", "address": "8111 Concord Mills Boulevard", "city": "Concord", "state": "NC"}}, {"type": "Feature", "geometry": {"type": "Point", "coordinates": [-122.011384, 37.3233758]}, "properties": {"chain": "miniso", "name": "MINISO", "sector": "lifestyle_variety", "fr": 1, "fdd": 1, "kind": "store", "status": "open", "address": "19499 Stevens Creek Blvd", "city": "Cupertino", "state": "CA"}}, {"type": "Feature", "geometry": {"type": "Point", "coordinates": [-75.1233422, 40.14008020000001]}, "properties": {"chain": "miniso", "name": "MINISO", "sector": "lifestyle_variety", "fr": 1, "fdd": 1, "kind": "store", "status": "open", "address": "2500 W Moreland Rd", "city": "Willow Grove", "state": "PA"}}, {"type": "Feature", "geometry": {"type": "Point", "coordinates": [-97.8072249, 30.2573622]}, "properties": {"chain": "miniso", "name": "MINISO", "sector": "lifestyle_variety", "fr": 1, "fdd": 1, "kind": "store", "status": "open", "address": "2901 S Capital of Texas Hwy", "city": "Austin", "state": "TX"}}, {"type": "Feature", "geometry": {"type": "Point", "coordinates": [-119.7767257, 36.8065701]}, "properties": {"chain": "miniso", "name": "MINISO", "sector": "lifestyle_variety", "fr": 1, "fdd": 1, "kind": "store", "status": "open", "address": "645 E Shaw Ave Ste #G11", "city": "Fresno", "state": "CA"}}, {"type": "Feature", "geometry": {"type": "Point", "coordinates": [-86.1204695, 39.6323742]}, "properties": {"chain": "miniso", "name": "MINISO", "sector": "lifestyle_variety", "fr": 1, "fdd": 1, "kind": "store", "status": "open", "address": "1251 U.S. Hwy 31 N", "city": "Greenwood", "state": "IN"}}, {"type": "Feature", "geometry": {"type": "Point", "coordinates": [-82.73583599999999, 28.0170051]}, "properties": {"chain": "miniso", "name": "MINISO", "sector": "lifestyle_variety", "fr": 1, "fdd": 1, "kind": "store", "status": "open", "address": "27001 US Hwy 19 N", "city": "Clearwater", "state": "FL"}}, {"type": "Feature", "geometry": {"type": "Point", "coordinates": [-80.3180029, 25.8684958]}, "properties": {"chain": "miniso", "name": "MINISO", "sector": "lifestyle_variety", "fr": 1, "fdd": 1, "kind": "store", "status": "open", "address": "1675 W 49th St", "city": "Hialeah", "state": "FL"}}, {"type": "Feature", "geometry": {"type": "Point", "coordinates": [-86.1093302, 40.473811]}, "properties": {"chain": "miniso", "name": "MINISO", "sector": "lifestyle_variety", "fr": 1, "fdd": 1, "kind": "store", "status": "open", "address": "1114 S Seventeenth St", "city": "Kokomo", "state": "IN"}}, {"type": "Feature", "geometry": {"type": "Point", "coordinates": [-111.964918, 33.3820989]}, "properties": {"chain": "miniso", "name": "MINISO", "sector": "lifestyle_variety", "fr": 1, "fdd": 1, "kind": "store", "status": "open", "address": "5000 S Arizona Mills Cir", "city": "Tempe", "state": "AZ"}}, {"type": "Feature", "geometry": {"type": "Point", "coordinates": [-86.5872266, 34.7072982]}, "properties": {"chain": "miniso", "name": "MINISO", "sector": "lifestyle_variety", "fr": 1, "fdd": 1, "kind": "store", "status": "open", "address": "2801 Memorial Pkwy SW", "city": "Huntsville", "state": "AL"}}, {"type": "Feature", "geometry": {"type": "Point", "coordinates": [-84.0567172, 39.7673771]}, "properties": {"chain": "miniso", "name": "MINISO", "sector": "lifestyle_variety", "fr": 1, "fdd": 1, "kind": "store", "status": "open", "address": "2727 Fairfield Cmns", "city": "Beavercreek", "state": "OH"}}, {"type": "Feature", "geometry": {"type": "Point", "coordinates": [-87.20801349999999, 30.4754844]}, "properties": {"chain": "miniso", "name": "MINISO", "sector": "lifestyle_variety", "fr": 1, "fdd": 1, "kind": "store", "status": "open", "address": "5100 N 9th Ave", "city": "Pensacola", "state": "FL"}}, {"type": "Feature", "geometry": {"type": "Point", "coordinates": [-84.3969351, 33.792564]}, "properties": {"chain": "miniso", "name": "MINISO", "sector": "lifestyle_variety", "fr": 1, "fdd": 1, "kind": "store", "status": "open", "address": "265 18th St NW", "city": "Atlanta", "state": "GA"}}, {"type": "Feature", "geometry": {"type": "Point", "coordinates": [-118.8884423, 34.1849672]}, "properties": {"chain": "miniso", "name": "MINISO", "sector": "lifestyle_variety", "fr": 1, "fdd": 1, "kind": "store", "status": "open", "address": "350 W Hillcrest Dr", "city": "Thousand Oaks", "state": "CA"}}, {"type": "Feature", "geometry": {"type": "Point", "coordinates": [-97.59692489999999, 30.4703013]}, "properties": {"chain": "miniso", "name": "MINISO", "sector": "lifestyle_variety", "fr": 1, "fdd": 1, "kind": "store", "status": "open", "address": "19000 Limestone Commercial Dr", "city": "Pflugerville", "state": "TX"}}, {"type": "Feature", "geometry": {"type": "Point", "coordinates": [-97.6938366, 30.6299559]}, "properties": {"chain": "miniso", "name": "MINISO", "sector": "lifestyle_variety", "fr": 1, "fdd": 1, "kind": "store", "status": "open", "address": "1015 W University Ave Ste #200", "city": "Georgetown", "state": "TX"}}, {"type": "Feature", "geometry": {"type": "Point", "coordinates": [-81.39481479999999, 28.4470856]}, "properties": {"chain": "miniso", "name": "MINISO", "sector": "lifestyle_variety", "fr": 1, "fdd": 1, "kind": "store", "status": "open", "address": "8001 S Orange Blossom Trl", "city": "Orlando", "state": "FL"}}, {"type": "Feature", "geometry": {"type": "Point", "coordinates": [-82.378203, 36.3394457]}, "properties": {"chain": "miniso", "name": "MINISO", "sector": "lifestyle_variety", "fr": 1, "fdd": 1, "kind": "store", "status": "open", "address": "2011 N Roan St", "city": "Johnson City", "state": "TN"}}, {"type": "Feature", "geometry": {"type": "Point", "coordinates": [-96.77623129999999, 43.51196040000001]}, "properties": {"chain": "miniso", "name": "MINISO", "sector": "lifestyle_variety", "fr": 1, "fdd": 1, "kind": "store", "status": "open", "address": "5000 W Empire Pl", "city": "Sioux Falls", "state": "SD"}}, {"type": "Feature", "geometry": {"type": "Point", "coordinates": [-90.34804899999999, 38.6371677]}, "properties": {"chain": "miniso", "name": "MINISO", "sector": "lifestyle_variety", "fr": 1, "fdd": 1, "kind": "store", "status": "open", "address": "1155 St Louis Galleria St", "city": "St. Louis", "state": "MO"}}, {"type": "Feature", "geometry": {"type": "Point", "coordinates": [-117.2329686, 32.9508701]}, "properties": {"chain": "miniso", "name": "MINISO", "sector": "lifestyle_variety", "fr": 1, "fdd": 1, "kind": "store", "status": "open", "address": "12853 El Camino Real Suite 101", "city": "San Diego", "state": "CA"}}, {"type": "Feature", "geometry": {"type": "Point", "coordinates": [-110.9727843, 32.28776070000001]}, "properties": {"chain": "miniso", "name": "MINISO", "sector": "lifestyle_variety", "fr": 1, "fdd": 1, "kind": "store", "status": "open", "address": "4500 N Oracle Rd", "city": "Tucson", "state": "AZ"}}, {"type": "Feature", "geometry": {"type": "Point", "coordinates": [-121.896816, 37.41591650000001]}, "properties": {"chain": "miniso", "name": "MINISO", "sector": "lifestyle_variety", "fr": 1, "fdd": 1, "kind": "store", "status": "open", "address": "447 Great Mall Dr Suite #292", "city": "Milpitas", "state": "CA"}}, {"type": "Feature", "geometry": {"type": "Point", "coordinates": [-116.981517, 32.8422899]}, "properties": {"chain": "miniso", "name": "MINISO", "sector": "lifestyle_variety", "fr": 1, "fdd": 1, "kind": "store", "status": "open", "address": "9850 Mission Gorge Rd", "city": "Santee", "state": "CA"}}, {"type": "Feature", "geometry": {"type": "Point", "coordinates": [-121.5606372, 37.0216699]}, "properties": {"chain": "miniso", "name": "MINISO", "sector": "lifestyle_variety", "fr": 1, "fdd": 1, "kind": "store", "status": "open", "address": "8300 Arroyo Circle Gilroy Ca 95020", "city": "Gilroy", "state": "CA"}}, {"type": "Feature", "geometry": {"type": "Point", "coordinates": [-117.2698803, 33.9385749]}, "properties": {"chain": "miniso", "name": "MINISO", "sector": "lifestyle_variety", "fr": 1, "fdd": 1, "kind": "store", "status": "open", "address": "22500 Town Cir Suite 1036", "city": "Moreno Valley", "state": "CA"}}, {"type": "Feature", "geometry": {"type": "Point", "coordinates": [-97.98128709999999, 29.8302927]}, "properties": {"chain": "miniso", "name": "MINISO", "sector": "lifestyle_variety", "fr": 1, "fdd": 1, "kind": "store", "status": "open", "address": "3939 I-35", "city": "San Marcos", "state": "TX"}}, {"type": "Feature", "geometry": {"type": "Point", "coordinates": [-81.55244379999999, 39.3009411]}, "properties": {"chain": "miniso", "name": "MINISO", "sector": "lifestyle_variety", "fr": 1, "fdd": 1, "kind": "store", "status": "open", "address": "100 Grand Central Mall", "city": "Vienna", "state": "WV"}}, {"type": "Feature", "geometry": {"type": "Point", "coordinates": [-117.7468871, 33.6513651]}, "properties": {"chain": "miniso", "name": "MINISO", "sector": "lifestyle_variety", "fr": 1, "fdd": 1, "kind": "store", "status": "open", "address": "643 Spectrum Center Dr #643", "city": "Irvine", "state": "CA"}}, {"type": "Feature", "geometry": {"type": "Point", "coordinates": [-75.6510473, 41.4604066]}, "properties": {"chain": "miniso", "name": "MINISO", "sector": "lifestyle_variety", "fr": 1, "fdd": 1, "kind": "store", "status": "open", "address": "100 Viewmont Mall", "city": "Scranton", "state": "PA"}}, {"type": "Feature", "geometry": {"type": "Point", "coordinates": [-114.0276947, 46.8440108]}, "properties": {"chain": "miniso", "name": "MINISO", "sector": "lifestyle_variety", "fr": 1, "fdd": 1, "kind": "store", "status": "open", "address": "2901 Brooks St", "city": "Missoula", "state": "MT"}}, {"type": "Feature", "geometry": {"type": "Point", "coordinates": [-96.7915659, 33.0257107]}, "properties": {"chain": "miniso", "name": "MINISO", "sector": "lifestyle_variety", "fr": 1, "fdd": 1, "kind": "store", "status": "open", "address": "1900 Preston Rd Ste #229", "city": "Plano", "state": "TX"}}, {"type": "Feature", "geometry": {"type": "Point", "coordinates": [-122.4707839, 37.6716778]}, "properties": {"chain": "miniso", "name": "MINISO", "sector": "lifestyle_variety", "fr": 1, "fdd": 1, "kind": "store", "status": "open", "address": "3 Serramonte Center", "city": "Daly City", "state": "CA"}}, {"type": "Feature", "geometry": {"type": "Point", "coordinates": [-88.0042003, 42.9483773]}, "properties": {"chain": "miniso", "name": "MINISO", "sector": "lifestyle_variety", "fr": 1, "fdd": 1, "kind": "store", "status": "open", "address": "5300 S 76th St", "city": "Greendale", "state": "WI"}}, {"type": "Feature", "geometry": {"type": "Point", "coordinates": [-158.00667, 21.4026442]}, "properties": {"chain": "miniso", "name": "MINISO", "sector": "lifestyle_variety", "fr": 1, "fdd": 1, "kind": "store", "status": "open", "address": "94-790 Lumiaina St", "city": "Waipahu", "state": "HI"}}, {"type": "Feature", "geometry": {"type": "Point", "coordinates": [-122.2919709, 37.8347321]}, "properties": {"chain": "miniso", "name": "MINISO", "sector": "lifestyle_variety", "fr": 1, "fdd": 1, "kind": "store", "status": "open", "address": "5616 Bay St", "city": "Emeryville", "state": "CA"}}, {"type": "Feature", "geometry": {"type": "Point", "coordinates": [-98.53142509999999, 29.3547127]}, "properties": {"chain": "miniso", "name": "MINISO", "sector": "lifestyle_variety", "fr": 1, "fdd": 1, "kind": "store", "status": "open", "address": "2310 SW Military Dr", "city": "San Antonio", "state": "TX"}}, {"type": "Feature", "geometry": {"type": "Point", "coordinates": [-82.5199367, 27.9631099]}, "properties": {"chain": "miniso", "name": "MINISO", "sector": "lifestyle_variety", "fr": 1, "fdd": 1, "kind": "store", "status": "open", "address": "2223 N Westshore Blvd", "city": "Tampa", "state": "FL"}}, {"type": "Feature", "geometry": {"type": "Point", "coordinates": [-83.4700232, 42.4915616]}, "properties": {"chain": "miniso", "name": "MINISO", "sector": "lifestyle_variety", "fr": 1, "fdd": 1, "kind": "store", "status": "open", "address": "27500 Novi Rd", "city": "Novi", "state": "MI"}}, {"type": "Feature", "geometry": {"type": "Point", "coordinates": [-82.653408, 38.4833032]}, "properties": {"chain": "miniso", "name": "MINISO", "sector": "lifestyle_variety", "fr": 1, "fdd": 1, "kind": "store", "status": "open", "address": "500 Winchester Ave", "city": "Ashland", "state": "KY"}}, {"type": "Feature", "geometry": {"type": "Point", "coordinates": [-80.64797999999999, 28.0817491]}, "properties": {"chain": "miniso", "name": "MINISO", "sector": "lifestyle_variety", "fr": 1, "fdd": 1, "kind": "store", "status": "open", "address": "1700 W New Haven Ave", "city": "Melbourne", "state": "FL"}}, {"type": "Feature", "geometry": {"type": "Point", "coordinates": [-73.47841869999999, 41.3804789]}, "properties": {"chain": "miniso", "name": "MINISO", "sector": "lifestyle_variety", "fr": 1, "fdd": 1, "kind": "store", "status": "open", "address": "7 Backus Ave", "city": "Danbury", "state": "CT"}}, {"type": "Feature", "geometry": {"type": "Point", "coordinates": [-93.2646492, 37.1627582]}, "properties": {"chain": "miniso", "name": "MINISO", "sector": "lifestyle_variety", "fr": 1, "fdd": 1, "kind": "store", "status": "open", "address": "2825 S. Glenstone Ave", "city": "Springfield", "state": "MO"}}, {"type": "Feature", "geometry": {"type": "Point", "coordinates": [-77.4060038, 39.3828579]}, "properties": {"chain": "miniso", "name": "MINISO", "sector": "lifestyle_variety", "fr": 1, "fdd": 1, "kind": "store", "status": "open", "address": "5500 Buckeystown Pike", "city": "Frederick", "state": "MD"}}, {"type": "Feature", "geometry": {"type": "Point", "coordinates": [-117.8340671, 33.6876772]}, "properties": {"chain": "miniso", "name": "MINISO", "sector": "lifestyle_variety", "fr": 1, "fdd": 1, "kind": "store", "status": "open", "address": "2710 Alton Pkwy #111", "city": "Irvine", "state": "CA"}}, {"type": "Feature", "geometry": {"type": "Point", "coordinates": [-96.63349040000001, 40.813711]}, "properties": {"chain": "miniso", "name": "MINISO", "sector": "lifestyle_variety", "fr": 1, "fdd": 1, "kind": "store", "status": "open", "address": "6100 O St", "city": "Lincoln", "state": "NE"}}, {"type": "Feature", "geometry": {"type": "Point", "coordinates": [-97.1985735, 32.8283261]}, "properties": {"chain": "miniso", "name": "MINISO", "sector": "lifestyle_variety", "fr": 1, "fdd": 1, "kind": "store", "status": "open", "address": "1101 Melbourne Rd", "city": "Hurst", "state": "TX"}}, {"type": "Feature", "geometry": {"type": "Point", "coordinates": [-76.9322565, 40.223222]}, "properties": {"chain": "miniso", "name": "MINISO", "sector": "lifestyle_variety", "fr": 1, "fdd": 1, "kind": "store", "status": "open", "address": "3506 Capital City Mall Dr", "city": "Camp Hill", "state": "PA"}}, {"type": "Feature", "geometry": {"type": "Point", "coordinates": [-122.0539143, 38.26075]}, "properties": {"chain": "miniso", "name": "MINISO", "sector": "lifestyle_variety", "fr": 1, "fdd": 1, "kind": "store", "status": "open", "address": "1350 Travis Blvd", "city": "Fairfield", "state": "CA"}}, {"type": "Feature", "geometry": {"type": "Point", "coordinates": [-117.181424, 32.8190339]}, "properties": {"chain": "miniso", "name": "MINISO", "sector": "lifestyle_variety", "fr": 1, "fdd": 1, "kind": "store", "status": "open", "address": "5401-5605 Balboa Ave", "city": "San Diego", "state": "CA"}}, {"type": "Feature", "geometry": {"type": "Point", "coordinates": [-90.4471645, 38.59975070000001]}, "properties": {"chain": "miniso", "name": "MINISO", "sector": "lifestyle_variety", "fr": 1, "fdd": 1, "kind": "store", "status": "open", "address": "80 W County Center Dr", "city": "Des Peres", "state": "MO"}}, {"type": "Feature", "geometry": {"type": "Point", "coordinates": [-97.70493239999999, 30.3145082]}, "properties": {"chain": "miniso", "name": "MINISO", "sector": "lifestyle_variety", "fr": 1, "fdd": 1, "kind": "store", "status": "open", "address": "5463 N Interstate 35 Frontage Rd", "city": "Austin", "state": "TX"}}, {"type": "Feature", "geometry": {"type": "Point", "coordinates": [-75.02637419999999, 39.939058]}, "properties": {"chain": "miniso", "name": "MINISO", "sector": "lifestyle_variety", "fr": 1, "fdd": 1, "kind": "store", "status": "open", "address": "2000 NJ-38", "city": "Cherry Hill", "state": "NJ"}}, {"type": "Feature", "geometry": {"type": "Point", "coordinates": [-94.0805659, 33.4553077]}, "properties": {"chain": "miniso", "name": "MINISO", "sector": "lifestyle_variety", "fr": 1, "fdd": 1, "kind": "store", "status": "open", "address": "2400 Richmond Rd", "city": "Texarkana", "state": "TX"}}, {"type": "Feature", "geometry": {"type": "Point", "coordinates": [-81.7989494, 26.1697712]}, "properties": {"chain": "miniso", "name": "MINISO", "sector": "lifestyle_variety", "fr": 1, "fdd": 1, "kind": "store", "status": "open", "address": "1900 Tamiami Trail N", "city": "Naples", "state": "FL"}}, {"type": "Feature", "geometry": {"type": "Point", "coordinates": [-94.2084386, 45.5552724]}, "properties": {"chain": "miniso", "name": "MINISO", "sector": "lifestyle_variety", "fr": 1, "fdd": 1, "kind": "store", "status": "open", "address": "4101 W Division St", "city": "St Cloud", "state": "MN"}}, {"type": "Feature", "geometry": {"type": "Point", "coordinates": [-84.09512989999999, 33.6994423]}, "properties": {"chain": "miniso", "name": "MINISO", "sector": "lifestyle_variety", "fr": 1, "fdd": 1, "kind": "store", "status": "open", "address": "2929 Turner Hill Rd", "city": "Stonecrest", "state": "GA"}}, {"type": "Feature", "geometry": {"type": "Point", "coordinates": [-84.08148179999999, 33.9819128]}, "properties": {"chain": "miniso", "name": "MINISO", "sector": "lifestyle_variety", "fr": 1, "fdd": 1, "kind": "store", "status": "open", "address": "5900 Sugarloaf Pkwy", "city": "Lawrenceville", "state": "GA"}}, {"type": "Feature", "geometry": {"type": "Point", "coordinates": [-121.8055465, 39.7289393]}, "properties": {"chain": "miniso", "name": "MINISO", "sector": "lifestyle_variety", "fr": 1, "fdd": 1, "kind": "store", "status": "open", "address": "1950 E 20th St", "city": "Chico", "state": "CA"}}, {"type": "Feature", "geometry": {"type": "Point", "coordinates": [-116.2800732, 43.6082454]}, "properties": {"chain": "miniso", "name": "MINISO", "sector": "lifestyle_variety", "fr": 1, "fdd": 1, "kind": "store", "status": "open", "address": "350 N Milwaukee St", "city": "Boise", "state": "ID"}}, {"type": "Feature", "geometry": {"type": "Point", "coordinates": [-79.8379355, 36.0393981]}, "properties": {"chain": "miniso", "name": "MINISO", "sector": "lifestyle_variety", "fr": 1, "fdd": 1, "kind": "store", "status": "open", "address": "410 Four Seasons Town Centre", "city": "Greensboro", "state": "NC"}}, {"type": "Feature", "geometry": {"type": "Point", "coordinates": [-72.7135576, 40.92184659999999]}, "properties": {"chain": "miniso", "name": "MINISO", "sector": "lifestyle_variety", "fr": 1, "fdd": 1, "kind": "store", "status": "open", "address": "1400 Tanger Mall Dr", "city": "Riverhead", "state": "NY"}}, {"type": "Feature", "geometry": {"type": "Point", "coordinates": [-117.7607473, 34.110257]}, "properties": {"chain": "miniso", "name": "MINISO", "sector": "lifestyle_variety", "fr": 1, "fdd": 1, "kind": "store", "status": "open", "address": "2418 Foothill Blvd C", "city": "La Verne", "state": "CA"}}, {"type": "Feature", "geometry": {"type": "Point", "coordinates": [-89.9801782, 38.5965956]}, "properties": {"chain": "miniso", "name": "MINISO", "sector": "lifestyle_variety", "fr": 1, "fdd": 1, "kind": "store", "status": "open", "address": "134 St. Clair Square", "city": "Fairview Heights", "state": "IL"}}, {"type": "Feature", "geometry": {"type": "Point", "coordinates": [-122.7818032, 45.450881]}, "properties": {"chain": "miniso", "name": "MINISO", "sector": "lifestyle_variety", "fr": 1, "fdd": 1, "kind": "store", "status": "open", "address": "9585 SW Washington Square Rd", "city": "Portland", "state": "OR"}}, {"type": "Feature", "geometry": {"type": "Point", "coordinates": [-80.0861433, 26.7256493]}, "properties": {"chain": "miniso", "name": "MINISO", "sector": "lifestyle_variety", "fr": 1, "fdd": 1, "kind": "store", "status": "open", "address": "1751 Palm Beach Lakes Blvd", "city": "West Palm Beach", "state": "FL"}}, {"type": "Feature", "geometry": {"type": "Point", "coordinates": [-86.81482199999999, 35.9599493]}, "properties": {"chain": "miniso", "name": "MINISO", "sector": "lifestyle_variety", "fr": 1, "fdd": 1, "kind": "store", "status": "open", "address": "1800 Galleria Blvd", "city": "Franklin", "state": "TN"}}, {"type": "Feature", "geometry": {"type": "Point", "coordinates": [-77.1451289, 39.02419829999999]}, "properties": {"chain": "miniso", "name": "MINISO", "sector": "lifestyle_variety", "fr": 1, "fdd": 1, "kind": "store", "status": "open", "address": "7101 Democracy Blvd", "city": "Bethesda", "state": "MD"}}, {"type": "Feature", "geometry": {"type": "Point", "coordinates": [-73.9848913, 40.7578226]}, "properties": {"chain": "miniso", "name": "MINISO", "sector": "lifestyle_variety", "fr": 1, "fdd": 1, "kind": "store", "status": "open", "address": "1540 Broadway", "city": "New York", "state": "NY"}}, {"type": "Feature", "geometry": {"type": "Point", "coordinates": [-122.4073649, 37.783798]}, "properties": {"chain": "miniso", "name": "MINISO", "sector": "lifestyle_variety", "fr": 1, "fdd": 1, "kind": "store", "status": "open", "address": "865 Market St.", "city": "San Francisco", "state": "CA"}}, {"type": "Feature", "geometry": {"type": "Point", "coordinates": [-94.1628942, 30.1263718]}, "properties": {"chain": "miniso", "name": "MINISO", "sector": "lifestyle_variety", "fr": 1, "fdd": 1, "kind": "store", "status": "open", "address": "6155 Eastex Fwy", "city": "Beaumont", "state": "TX"}}, {"type": "Feature", "geometry": {"type": "Point", "coordinates": [-97.0437256, 32.9678444]}, "properties": {"chain": "miniso", "name": "MINISO", "sector": "lifestyle_variety", "fr": 1, "fdd": 1, "kind": "store", "status": "open", "address": "3000 Grapevine Mills Pkwy", "city": "Grapevine", "state": "TX"}}, {"type": "Feature", "geometry": {"type": "Point", "coordinates": [-117.9316521, 34.0708098]}, "properties": {"chain": "miniso", "name": "MINISO", "sector": "lifestyle_variety", "fr": 1, "fdd": 1, "kind": "store", "status": "open", "address": "112 Plaza Dr. #330", "city": "West Covina", "state": "CA"}}, {"type": "Feature", "geometry": {"type": "Point", "coordinates": [-112.2251754, 33.4769282]}, "properties": {"chain": "miniso", "name": "MINISO", "sector": "lifestyle_variety", "fr": 1, "fdd": 1, "kind": "store", "status": "open", "address": "7611 W Thomas Rd. Phoneix", "city": "Phoenix", "state": "AZ"}}, {"type": "Feature", "geometry": {"type": "Point", "coordinates": [-84.5271339, 37.9906109]}, "properties": {"chain": "miniso", "name": "MINISO", "sector": "lifestyle_variety", "fr": 1, "fdd": 1, "kind": "store", "status": "open", "address": "3401 Nicholasville Rd", "city": "Lexington", "state": "KY"}}, {"type": "Feature", "geometry": {"type": "Point", "coordinates": [-117.824072, 34.1062379]}, "properties": {"chain": "miniso", "name": "MINISO", "sector": "lifestyle_variety", "fr": 1, "fdd": 1, "kind": "store", "status": "open", "address": "834 W Arrow Hwy", "city": "San Dimas", "state": "CA"}}, {"type": "Feature", "geometry": {"type": "Point", "coordinates": [-90.12931760000001, 32.4031233]}, "properties": {"chain": "miniso", "name": "MINISO", "sector": "lifestyle_variety", "fr": 1, "fdd": 1, "kind": "store", "status": "open", "address": "1200 E County Line Rd", "city": "Ridgeland", "state": "MS"}}, {"type": "Feature", "geometry": {"type": "Point", "coordinates": [-87.6601261, 41.9729555]}, "properties": {"chain": "miniso", "name": "MINISO", "sector": "lifestyle_variety", "fr": 1, "fdd": 1, "kind": "store", "status": "open", "address": "5004 N Broadway", "city": "Chicago", "state": "IL"}}, {"type": "Feature", "geometry": {"type": "Point", "coordinates": [-76.4956435, 37.1123382]}, "properties": {"chain": "miniso", "name": "MINISO", "sector": "lifestyle_variety", "fr": 1, "fdd": 1, "kind": "store", "status": "open", "address": "12300 Jefferson Ave", "city": "Newport News", "state": "VA"}}, {"type": "Feature", "geometry": {"type": "Point", "coordinates": [-121.8139115, 37.3256289]}, "properties": {"chain": "miniso", "name": "MINISO", "sector": "lifestyle_variety", "fr": 1, "fdd": 1, "kind": "store", "status": "open", "address": "2200 Eastridge Loop", "city": "San Jose", "state": "CA"}}, {"type": "Feature", "geometry": {"type": "Point", "coordinates": [-72.763282, 41.7229812]}, "properties": {"chain": "miniso", "name": "MINISO", "sector": "lifestyle_variety", "fr": 1, "fdd": 1, "kind": "store", "status": "open", "address": "500 W Farms Mall", "city": "Farmington", "state": "CT"}}, {"type": "Feature", "geometry": {"type": "Point", "coordinates": [-121.9438078, 37.326121]}, "properties": {"chain": "miniso", "name": "MINISO", "sector": "lifestyle_variety", "fr": 1, "fdd": 1, "kind": "store", "status": "open", "address": "2855 Stevens Creek Blvd", "city": "Santa Clara", "state": "CA"}}, {"type": "Feature", "geometry": {"type": "Point", "coordinates": [-119.0366279, 35.3353129]}, "properties": {"chain": "miniso", "name": "MINISO", "sector": "lifestyle_variety", "fr": 1, "fdd": 1, "kind": "store", "status": "open", "address": "2701 Ming Ave.", "city": "Bakersfield", "state": "CA"}}, {"type": "Feature", "geometry": {"type": "Point", "coordinates": [-74.18170289999999, 39.9798255]}, "properties": {"chain": "miniso", "name": "MINISO", "sector": "lifestyle_variety", "fr": 1, "fdd": 1, "kind": "store", "status": "open", "address": "1201 Hooper Ave Space 1088", "city": "Toms River", "state": "NJ"}}, {"type": "Feature", "geometry": {"type": "Point", "coordinates": [-88.14975869999999, 41.7735317]}, "properties": {"chain": "miniso", "name": "MINISO", "sector": "lifestyle_variety", "fr": 1, "fdd": 1, "kind": "store", "status": "open", "address": "119 S Main St #125", "city": "Naperville", "state": "IL"}}, {"type": "Feature", "geometry": {"type": "Point", "coordinates": [-118.093112, 33.8620171]}, "properties": {"chain": "miniso", "name": "MINISO", "sector": "lifestyle_variety", "fr": 1, "fdd": 1, "kind": "store", "status": "open", "address": "326 Los Cerritos Center", "city": "Cerritos", "state": "CA"}}, {"type": "Feature", "geometry": {"type": "Point", "coordinates": [-78.6792945, 35.8399895]}, "properties": {"chain": "miniso", "name": "MINISO", "sector": "lifestyle_variety", "fr": 1, "fdd": 1, "kind": "store", "status": "open", "address": "4325 Glenwood Ave", "city": "Raleigh", "state": "NC"}}, {"type": "Feature", "geometry": {"type": "Point", "coordinates": [-122.0017556, 37.526616]}, "properties": {"chain": "miniso", "name": "MINISO", "sector": "lifestyle_variety", "fr": 1, "fdd": 1, "kind": "store", "status": "open", "address": "2086 Newpark Mall", "city": "Newark", "state": "CA"}}, {"type": "Feature", "geometry": {"type": "Point", "coordinates": [-71.4223263, 41.8285762]}, "properties": {"chain": "miniso", "name": "MINISO", "sector": "lifestyle_variety", "fr": 1, "fdd": 1, "kind": "store", "status": "open", "address": "One Providence Pl Suite #3240", "city": "Providence", "state": "RI"}}, {"type": "Feature", "geometry": {"type": "Point", "coordinates": [-89.78798959999999, 35.2010949]}, "properties": {"chain": "miniso", "name": "MINISO", "sector": "lifestyle_variety", "fr": 1, "fdd": 1, "kind": "store", "status": "open", "address": "2760 N Germantown Pkwy", "city": "Memphis", "state": "TN"}}, {"type": "Feature", "geometry": {"type": "Point", "coordinates": [-95.395264, 29.553676]}, "properties": {"chain": "miniso", "name": "MINISO", "sector": "lifestyle_variety", "fr": 1, "fdd": 1, "kind": "store", "status": "open", "address": "11200 Broadway St", "city": "Pearland", "state": "TX"}}, {"type": "Feature", "geometry": {"type": "Point", "coordinates": [-80.3037914, 26.0103849]}, "properties": {"chain": "miniso", "name": "MINISO", "sector": "lifestyle_variety", "fr": 1, "fdd": 1, "kind": "store", "status": "open", "address": "11401 Pines Blvd", "city": "Pembroke Pines", "state": "FL"}}, {"type": "Feature", "geometry": {"type": "Point", "coordinates": [-90.3316038, 38.5065325]}, "properties": {"chain": "miniso", "name": "MINISO", "sector": "lifestyle_variety", "fr": 1, "fdd": 1, "kind": "store", "status": "open", "address": "18 S County Center Way", "city": "St. Louis", "state": "MO"}}, {"type": "Feature", "geometry": {"type": "Point", "coordinates": [-77.5130101, 38.2913403]}, "properties": {"chain": "miniso", "name": "MINISO", "sector": "lifestyle_variety", "fr": 1, "fdd": 1, "kind": "store", "status": "open", "address": "137 Spotsylvania Mall Dr", "city": "Fredericksburg", "state": "VA"}}, {"type": "Feature", "geometry": {"type": "Point", "coordinates": [-122.6906121, 47.6576768]}, "properties": {"chain": "miniso", "name": "MINISO", "sector": "lifestyle_variety", "fr": 1, "fdd": 1, "kind": "store", "status": "open", "address": "10315 Silverdale Way NW", "city": "Silverdale", "state": "WA"}}, {"type": "Feature", "geometry": {"type": "Point", "coordinates": [-117.0654486, 33.0718613]}, "properties": {"chain": "miniso", "name": "MINISO", "sector": "lifestyle_variety", "fr": 1, "fdd": 1, "kind": "store", "status": "open", "address": "200 E Via Rancho Pkwy Suite #419", "city": "Escondido", "state": "CA"}}, {"type": "Feature", "geometry": {"type": "Point", "coordinates": [-88.2749343, 41.8005082]}, "properties": {"chain": "miniso", "name": "MINISO", "sector": "lifestyle_variety", "fr": 1, "fdd": 1, "kind": "store", "status": "open", "address": "1650 Premium Outlet Blvd", "city": "Aurora", "state": "IL"}}, {"type": "Feature", "geometry": {"type": "Point", "coordinates": [-84.74608350000001, 33.7277245]}, "properties": {"chain": "miniso", "name": "MINISO", "sector": "lifestyle_variety", "fr": 1, "fdd": 1, "kind": "store", "status": "open", "address": "6700 Douglas Blvd", "city": "Douglasville", "state": "GA"}}, {"type": "Feature", "geometry": {"type": "Point", "coordinates": [-117.7307153, 34.0010951]}, "properties": {"chain": "miniso", "name": "MINISO", "sector": "lifestyle_variety", "fr": 1, "fdd": 1, "kind": "store", "status": "open", "address": "13850 City Center Dr.", "city": "Chino Hills", "state": "CA"}}, {"type": "Feature", "geometry": {"type": "Point", "coordinates": [-82.3266641, 27.9315889]}, "properties": {"chain": "miniso", "name": "MINISO", "sector": "lifestyle_variety", "fr": 1, "fdd": 1, "kind": "store", "status": "open", "address": "459 Brandon Town Center Dr", "city": "Brandon", "state": "FL"}}, {"type": "Feature", "geometry": {"type": "Point", "coordinates": [-121.4290114, 38.6038585]}, "properties": {"chain": "miniso", "name": "MINISO", "sector": "lifestyle_variety", "fr": 1, "fdd": 1, "kind": "store", "status": "open", "address": "1689 Arden Way", "city": "Sacramento", "state": "CA"}}, {"type": "Feature", "geometry": {"type": "Point", "coordinates": [-81.7356259, 30.1845107]}, "properties": {"chain": "miniso", "name": "MINISO", "sector": "lifestyle_variety", "fr": 1, "fdd": 1, "kind": "store", "status": "open", "address": "1910 Wells Rd", "city": "Orange Park", "state": "FL"}}, {"type": "Feature", "geometry": {"type": "Point", "coordinates": [-81.427555, 40.8569212]}, "properties": {"chain": "miniso", "name": "MINISO", "sector": "lifestyle_variety", "fr": 1, "fdd": 1, "kind": "store", "status": "open", "address": "4230 Belden Village St NW", "city": "Canton", "state": "OH"}}, {"type": "Feature", "geometry": {"type": "Point", "coordinates": [-118.0125114, 34.1397963]}, "properties": {"chain": "miniso", "name": "MINISO", "sector": "lifestyle_variety", "fr": 1, "fdd": 1, "kind": "store", "status": "open", "address": "626 W Huntington Dr", "city": "Monrovia", "state": "CA"}}, {"type": "Feature", "geometry": {"type": "Point", "coordinates": [-97.8878077, 26.1626335]}, "properties": {"chain": "miniso", "name": "MINISO", "sector": "lifestyle_variety", "fr": 1, "fdd": 1, "kind": "store", "status": "open", "address": "5001 E Expressway 83", "city": "Mercedes", "state": "TX"}}, {"type": "Feature", "geometry": {"type": "Point", "coordinates": [-83.9844837, 34.0651406]}, "properties": {"chain": "miniso", "name": "MINISO", "sector": "lifestyle_variety", "fr": 1, "fdd": 1, "kind": "store", "status": "open", "address": "3333 Buford Dr", "city": "Buford", "state": "GA"}}, {"type": "Feature", "geometry": {"type": "Point", "coordinates": [-96.2513099, 41.0990633]}, "properties": {"chain": "miniso", "name": "MINISO", "sector": "lifestyle_variety", "fr": 1, "fdd": 1, "kind": "store", "status": "open", "address": "21209 Nebraska Crossing Dr Ste #A115", "city": "Gretna", "state": "NE"}}, {"type": "Feature", "geometry": {"type": "Point", "coordinates": [-74.06907629999999, 40.8100974]}, "properties": {"chain": "miniso", "name": "MINISO", "sector": "lifestyle_variety", "fr": 1, "fdd": 1, "kind": "store", "status": "open", "address": "1 American Dream Wy", "city": "East Rutherford", "state": "NJ"}}, {"type": "Feature", "geometry": {"type": "Point", "coordinates": [-73.8492576, 42.6884897]}, "properties": {"chain": "miniso", "name": "MINISO", "sector": "lifestyle_variety", "fr": 1, "fdd": 1, "kind": "store", "status": "open", "address": "1 Crossgates Mall Rd", "city": "Albany", "state": "NY"}}, {"type": "Feature", "geometry": {"type": "Point", "coordinates": [-73.9897009, 40.7336046]}, "properties": {"chain": "mixue", "name": "MIXUE", "sector": "tea", "fr": 1, "fdd": 1, "kind": "store", "status": "open", "address": "133 4th Avenue", "city": "Manhattan", "state": "NY"}}, {"type": "Feature", "geometry": {"type": "Point", "coordinates": [-117.7784518, 33.654256]}, "properties": {"chain": "mixue", "name": "MIXUE", "sector": "tea", "fr": 1, "fdd": 1, "kind": "store", "status": "open", "address": "6785 Quail Hill Parkway", "city": "Irvine", "state": "CA"}}, {"type": "Feature", "geometry": {"type": "Point", "coordinates": [-122.0425371, 37.3397634]}, "properties": {"chain": "mixue", "name": "MIXUE", "sector": "tea", "fr": 1, "fdd": 1, "kind": "store", "status": "open", "address": "1641 Hollenbeck Avenue", "city": "Sunnyvale", "state": "CA"}}, {"type": "Feature", "geometry": {"type": "Point", "coordinates": [-73.829049, 40.758448]}, "properties": {"chain": "mixue", "name": "MIXUE", "sector": "tea", "fr": 1, "fdd": 1, "kind": "store", "status": "open", "address": "41-01 Kissena Boulevard", "city": "Queens", "state": "NY"}}, {"type": "Feature", "geometry": {"type": "Point", "coordinates": [-73.9846041, 40.69052]}, "properties": {"chain": "mixue", "name": "MIXUE", "sector": "tea", "fr": 1, "fdd": 1, "kind": "store", "status": "open", "address": "519 Fulton Street", "city": "Brooklyn", "state": "NY"}}, {"type": "Feature", "geometry": {"type": "Point", "coordinates": [-117.9095764, 33.9959347]}, "properties": {"chain": "mixue", "name": "MIXUE", "sector": "tea", "fr": 1, "fdd": 1, "kind": "store", "status": "open", "address": "18047 Gale Ave", "city": "City of Industry", "state": "CA"}}, {"type": "Feature", "geometry": {"type": "Point", "coordinates": [-73.9869958, 40.7615413]}, "properties": {"chain": "mixue", "name": "MIXUE", "sector": "tea", "fr": 1, "fdd": 1, "kind": "store", "status": "open", "address": "805 8th Ave", "city": "New York", "state": "NY"}}, {"type": "Feature", "geometry": {"type": "Point", "coordinates": [-73.9884671, 40.7482483]}, "properties": {"chain": "mixue", "name": "MIXUE", "sector": "tea", "fr": 1, "fdd": 1, "kind": "store", "status": "open", "address": "1271 Broadway", "city": "New York", "state": "NY"}}, {"type": "Feature", "geometry": {"type": "Point", "coordinates": [-74.0012418, 40.7186586]}, "properties": {"chain": "mixue", "name": "MIXUE", "sector": "tea", "fr": 1, "fdd": 1, "kind": "store", "status": "open", "address": "266 Canal St", "city": "New York", "state": "NY"}}, {"type": "Feature", "geometry": {"type": "Point", "coordinates": [-118.3409535, 34.1010528]}, "properties": {"chain": "mixue", "name": "MIXUE", "sector": "tea", "fr": 1, "fdd": 1, "kind": "store", "status": "open", "address": "6922 Hollywood Blvd", "city": "Los Angeles", "state": "CA"}}, {"type": "Feature", "geometry": {"type": "Point", "coordinates": [-117.888336, 33.69266]}, "properties": {"chain": "popmart", "name": "POP MART", "sector": "lifestyle_variety", "fr": 0, "fdd": 0, "kind": "store", "status": "open", "address": "3333 Bristol St", "city": "Costa Mesa", "state": "CA"}}, {"type": "Feature", "geometry": {"type": "Point", "coordinates": [-74.07069, 40.809303]}, "properties": {"chain": "popmart", "name": "POP MART", "sector": "lifestyle_variety", "fr": 0, "fdd": 0, "kind": "store", "status": "open", "address": "1 American Dream Way", "city": "East Rutherford", "state": "NJ"}}, {"type": "Feature", "geometry": {"type": "Point", "coordinates": [-121.94173, 37.32458]}, "properties": {"chain": "popmart", "name": "POP MART", "sector": "lifestyle_variety", "fr": 0, "fdd": 0, "kind": "store", "status": "open", "address": "2855 Stevens Creek Blvd", "city": "Santa Clara", "state": "CA"}}, {"type": "Feature", "geometry": {"type": "Point", "coordinates": [-118.417984, 34.05796]}, "properties": {"chain": "popmart", "name": "POP MART", "sector": "lifestyle_variety", "fr": 0, "fdd": 0, "kind": "store", "status": "open", "address": "10250 Santa Monica Blvd", "city": "Los Angeles", "state": "CA"}}, {"type": "Feature", "geometry": {"type": "Point", "coordinates": [-118.2568, 34.1463]}, "properties": {"chain": "popmart", "name": "POP MART", "sector": "lifestyle_variety", "fr": 0, "fdd": 0, "kind": "store", "status": "open", "address": "1181 Galleria Way", "city": "Glendale", "state": "CA"}}, {"type": "Feature", "geometry": {"type": "Point", "coordinates": [-115.17126, 36.128933]}, "properties": {"chain": "popmart", "name": "POP MART", "sector": "lifestyle_variety", "fr": 0, "fdd": 0, "kind": "store", "status": "open", "address": "3200 Las Vegas Blvd S", "city": "Las Vegas", "state": "NV"}}, {"type": "Feature", "geometry": {"type": "Point", "coordinates": [-122.20374, 47.61586]}, "properties": {"chain": "popmart", "name": "POP MART", "sector": "lifestyle_variety", "fr": 0, "fdd": 0, "kind": "store", "status": "open", "address": "258 Bellevue Square unit 179", "city": "Bellevue", "state": "WA"}}, {"type": "Feature", "geometry": {"type": "Point", "coordinates": [-117.210075, 32.871616]}, "properties": {"chain": "popmart", "name": "POP MART", "sector": "lifestyle_variety", "fr": 0, "fdd": 0, "kind": "store", "status": "open", "address": "4545 La Jolla Village Dr Ste E-25", "city": "San Diego", "state": "CA"}}, {"type": "Feature", "geometry": {"type": "Point", "coordinates": [-122.476974, 37.72773]}, "properties": {"chain": "popmart", "name": "POP MART", "sector": "lifestyle_variety", "fr": 0, "fdd": 0, "kind": "store", "status": "open", "address": "3251 20th Ave", "city": "San Francisco", "state": "CA"}}, {"type": "Feature", "geometry": {"type": "Point", "coordinates": [-96.81262, 33.098587]}, "properties": {"chain": "popmart", "name": "POP MART", "sector": "lifestyle_variety", "fr": 0, "fdd": 0, "kind": "store", "status": "open", "address": "2601 Preston Rd", "city": "Frisco", "state": "TX"}}, {"type": "Feature", "geometry": {"type": "Point", "coordinates": [-117.532394, 34.111713]}, "properties": {"chain": "popmart", "name": "POP MART", "sector": "lifestyle_variety", "fr": 0, "fdd": 0, "kind": "store", "status": "open", "address": "12511 N Mainstreet", "city": "Rancho Cucamonga", "state": "CA"}}, {"type": "Feature", "geometry": {"type": "Point", "coordinates": [-95.624405, 29.591013]}, "properties": {"chain": "popmart", "name": "POP MART", "sector": "lifestyle_variety", "fr": 0, "fdd": 0, "kind": "store", "status": "open", "address": "16535 Southwest Freeway", "city": "Sugar Land", "state": "TX"}}, {"type": "Feature", "geometry": {"type": "Point", "coordinates": [-95.455986, 30.16463]}, "properties": {"chain": "popmart", "name": "POP MART", "sector": "lifestyle_variety", "fr": 0, "fdd": 0, "kind": "store", "status": "open", "address": "1201 Lake Woodlands Dr. Space # 2038", "city": "Woodlands", "state": "TX"}}, {"type": "Feature", "geometry": {"type": "Point", "coordinates": [-87.62564, 41.891373]}, "properties": {"chain": "popmart", "name": "POP MART", "sector": "lifestyle_variety", "fr": 0, "fdd": 0, "kind": "store", "status": "open", "address": "520 N. Michigan Avenue Space #210 & 210A", "city": "Chicago", "state": "IL"}}, {"type": "Feature", "geometry": {"type": "Point", "coordinates": [-122.18853, 48.09289]}, "properties": {"chain": "popmart", "name": "POP MART", "sector": "lifestyle_variety", "fr": 0, "fdd": 0, "kind": "store", "status": "open", "address": "10600 Quil Ceda Blvd", "city": "Tulalip", "state": "WA"}}, {"type": "Feature", "geometry": {"type": "Point", "coordinates": [-95.53909, 29.960115]}, "properties": {"chain": "popmart", "name": "POP MART", "sector": "lifestyle_variety", "fr": 0, "fdd": 0, "kind": "store", "status": "open", "address": "2000 WillowBrook Mall", "city": "Houston", "state": "TX"}}, {"type": "Feature", "geometry": {"type": "Point", "coordinates": [-87.86775, 41.97413]}, "properties": {"chain": "popmart", "name": "POP MART", "sector": "lifestyle_variety", "fr": 0, "fdd": 0, "kind": "store", "status": "open", "address": "5220 Fashion Outlets Way space 1089", "city": "Rosemont", "state": "IL"}}, {"type": "Feature", "geometry": {"type": "Point", "coordinates": [-73.833755, 40.760067]}, "properties": {"chain": "popmart", "name": "POP MART", "sector": "lifestyle_variety", "fr": 0, "fdd": 0, "kind": "store", "status": "open", "address": "133-36 37th Ave", "city": "Queens", "state": "NY"}}, {"type": "Feature", "geometry": {"type": "Point", "coordinates": [-74.16581, 40.581985]}, "properties": {"chain": "popmart", "name": "POP MART", "sector": "lifestyle_variety", "fr": 0, "fdd": 0, "kind": "store", "status": "open", "address": "2655 Richmond Ave", "city": "Staten Island", "state": "NY"}}, {"type": "Feature", "geometry": {"type": "Point", "coordinates": [-84.37713, 39.202454]}, "properties": {"chain": "popmart", "name": "POP MART", "sector": "lifestyle_variety", "fr": 0, "fdd": 0, "kind": "store", "status": "open", "address": "7875 Montgomery Rd", "city": "Cincinnati", "state": "OH"}}, {"type": "Feature", "geometry": {"type": "Point", "coordinates": [-122.25944, 47.45763]}, "properties": {"chain": "popmart", "name": "POP MART", "sector": "lifestyle_variety", "fr": 0, "fdd": 0, "kind": "store", "status": "open", "address": "607 Southcenter Mall", "city": "Tukwila", "state": "WA"}}, {"type": "Feature", "geometry": {"type": "Point", "coordinates": [-87.95177, 41.85177]}, "properties": {"chain": "popmart", "name": "POP MART", "sector": "lifestyle_variety", "fr": 0, "fdd": 0, "kind": "store", "status": "open", "address": "448 Oakbrook Center", "city": "Oakbrook", "state": "IL"}}, {"type": "Feature", "geometry": {"type": "Point", "coordinates": [-73.4184, 41.104717]}, "properties": {"chain": "popmart", "name": "POP MART", "sector": "lifestyle_variety", "fr": 0, "fdd": 0, "kind": "store", "status": "open", "address": "100 N Water St", "city": "Norwalk", "state": "CT"}}, {"type": "Feature", "geometry": {"type": "Point", "coordinates": [-96.82004, 32.92902]}, "properties": {"chain": "popmart", "name": "POP MART", "sector": "lifestyle_variety", "fr": 0, "fdd": 0, "kind": "store", "status": "open", "address": "13350 Dallas Parkway", "city": "Dallas", "state": "TX"}}, {"type": "Feature", "geometry": {"type": "Point", "coordinates": [-74.012024, 40.711075]}, "properties": {"chain": "popmart", "name": "POP MART", "sector": "lifestyle_variety", "fr": 0, "fdd": 0, "kind": "store", "status": "open", "address": "185 Greenwich St", "city": "New York", "state": "NY"}}, {"type": "Feature", "geometry": {"type": "Point", "coordinates": [-121.27005, 38.77361]}, "properties": {"chain": "popmart", "name": "POP MART", "sector": "lifestyle_variety", "fr": 0, "fdd": 0, "kind": "store", "status": "open", "address": "1151 Galleria Blvd.", "city": "Roseville", "state": "CA"}}, {"type": "Feature", "geometry": {"type": "Point", "coordinates": [-118.39332, 33.98543]}, "properties": {"chain": "popmart", "name": "POP MART", "sector": "lifestyle_variety", "fr": 0, "fdd": 0, "kind": "store", "status": "open", "address": "6000 Sepulveda Blvd. Suite 1399 - Culver City", "city": null, "state": "CA"}}, {"type": "Feature", "geometry": {"type": "Point", "coordinates": [-118.55359, 34.239136]}, "properties": {"chain": "popmart", "name": "POP MART", "sector": "lifestyle_variety", "fr": 0, "fdd": 0, "kind": "store", "status": "open", "address": "9301 Tampa Avenue Northridge Fashion Center", "city": "Northridge", "state": "CA"}}, {"type": "Feature", "geometry": {"type": "Point", "coordinates": [-76.86335, 39.217377]}, "properties": {"chain": "popmart", "name": "POP MART", "sector": "lifestyle_variety", "fr": 0, "fdd": 0, "kind": "store", "status": "open", "address": "10300 Little Patuxent Parkway", "city": "Columbia", "state": "MD"}}, {"type": "Feature", "geometry": {"type": "Point", "coordinates": [-118.43723, 34.15678]}, "properties": {"chain": "popmart", "name": "POP MART", "sector": "lifestyle_variety", "fr": 0, "fdd": 0, "kind": "store", "status": "open", "address": "14006 Riverside Drove Suite 35", "city": "Sherman Oaks", "state": "CA"}}, {"type": "Feature", "geometry": {"type": "Point", "coordinates": [-122.57255, 45.43585]}, "properties": {"chain": "popmart", "name": "POP MART", "sector": "lifestyle_variety", "fr": 0, "fdd": 0, "kind": "store", "status": "open", "address": "12000 SE 82nd Ave.", "city": "Happy Valley", "state": "OR"}}, {"type": "Feature", "geometry": {"type": "Point", "coordinates": [-111.88723, 40.637005]}, "properties": {"chain": "popmart", "name": "POP MART", "sector": "lifestyle_variety", "fr": 0, "fdd": 0, "kind": "store", "status": "open", "address": "6191 S State Street", "city": "Murray", "state": "UT"}}, {"type": "Feature", "geometry": {"type": "Point", "coordinates": [-76.59976, 39.404457]}, "properties": {"chain": "popmart", "name": "POP MART", "sector": "lifestyle_variety", "fr": 0, "fdd": 0, "kind": "store", "status": "open", "address": "825 Dulaney Valley Rd. Suite 2098", "city": "Towson", "state": "MD"}}, {"type": "Feature", "geometry": {"type": "Point", "coordinates": [-88.037125, 42.046417]}, "properties": {"chain": "popmart", "name": "POP MART", "sector": "lifestyle_variety", "fr": 0, "fdd": 0, "kind": "store", "status": "open", "address": "J122 Woodfield Mall", "city": "Schaumburg", "state": "IL"}}, {"type": "Feature", "geometry": {"type": "Point", "coordinates": [-71.41707, 41.827335]}, "properties": {"chain": "popmart", "name": "POP MART", "sector": "lifestyle_variety", "fr": 0, "fdd": 0, "kind": "store", "status": "open", "address": "155 Providence Place", "city": "Providence", "state": "RI"}}, {"type": "Feature", "geometry": {"type": "Point", "coordinates": [-115.17041, 36.11064]}, "properties": {"chain": "popmart", "name": "POP MART", "sector": "lifestyle_variety", "fr": 0, "fdd": 0, "kind": "store", "status": "open", "address": "3663 Las Vegas Boulevard South", "city": "Las Vegas", "state": "NV"}}, {"type": "Feature", "geometry": {"type": "Point", "coordinates": [-115.33301, 36.14974]}, "properties": {"chain": "popmart", "name": "POP MART", "sector": "lifestyle_variety", "fr": 0, "fdd": 0, "kind": "store", "status": "open", "address": "1980 Festival Plaza Drive", "city": "Las Vegas", "state": "NV"}}, {"type": "Feature", "geometry": {"type": "Point", "coordinates": [-87.84849, 41.62021]}, "properties": {"chain": "popmart", "name": "POP MART", "sector": "lifestyle_variety", "fr": 0, "fdd": 0, "kind": "store", "status": "open", "address": "228 Orland Square", "city": "Orland Park", "state": "IL"}}, {"type": "Feature", "geometry": {"type": "Point", "coordinates": [-121.928764, 37.69553]}, "properties": {"chain": "popmart", "name": "POP MART", "sector": "lifestyle_variety", "fr": 0, "fdd": 0, "kind": "store", "status": "open", "address": "1112 Stoneridge Mall Road", "city": "Pleasanton", "state": "CA"}}, {"type": "Feature", "geometry": {"type": "Point", "coordinates": [-122.276436, 47.82814]}, "properties": {"chain": "popmart", "name": "POP MART", "sector": "lifestyle_variety", "fr": 0, "fdd": 0, "kind": "store", "status": "open", "address": "3000 184th St. SW", "city": "Lynnwood", "state": "WA"}}, {"type": "Feature", "geometry": {"type": "Point", "coordinates": [-122.46801, 47.21532]}, "properties": {"chain": "popmart", "name": "POP MART", "sector": "lifestyle_variety", "fr": 0, "fdd": 0, "kind": "store", "status": "open", "address": "4502 South Steele Street", "city": "Tacoma", "state": "WA"}}, {"type": "Feature", "geometry": {"type": "Point", "coordinates": [-118.05228, 34.134705]}, "properties": {"chain": "popmart", "name": "POP MART", "sector": "lifestyle_variety", "fr": 0, "fdd": 0, "kind": "store", "status": "open", "address": "400 South Baldwin Avenue", "city": "Arcadia", "state": "CA"}}, {"type": "Feature", "geometry": {"type": "Point", "coordinates": [-74.61897, 40.585854]}, "properties": {"chain": "popmart", "name": "POP MART", "sector": "lifestyle_variety", "fr": 0, "fdd": 0, "kind": "store", "status": "open", "address": "400 Commons Way", "city": "Bridgewater", "state": "NJ"}}, {"type": "Feature", "geometry": {"type": "Point", "coordinates": [-74.17134, 40.660187]}, "properties": {"chain": "popmart", "name": "POP MART", "sector": "lifestyle_variety", "fr": 0, "fdd": 0, "kind": "store", "status": "open", "address": "651 Kapkowski Rd suite 2256", "city": "Elizabeth", "state": "NJ"}}, {"type": "Feature", "geometry": {"type": "Point", "coordinates": [-118.093575, 33.86206]}, "properties": {"chain": "popmart", "name": "POP MART", "sector": "lifestyle_variety", "fr": 0, "fdd": 0, "kind": "store", "status": "open", "address": "440 Los Cerritos Mall / Space #E07", "city": "Cerritos", "state": "CA"}}, {"type": "Feature", "geometry": {"type": "Point", "coordinates": [-75.024605, 39.942287]}, "properties": {"chain": "popmart", "name": "POP MART", "sector": "lifestyle_variety", "fr": 0, "fdd": 0, "kind": "store", "status": "open", "address": "2000 Route 38", "city": "Cherry Hill", "state": "NJ"}}, {"type": "Feature", "geometry": {"type": "Point", "coordinates": [-121.42722, 38.60143]}, "properties": {"chain": "popmart", "name": "POP MART", "sector": "lifestyle_variety", "fr": 0, "fdd": 0, "kind": "store", "status": "open", "address": "1689 Arden Way", "city": "Sacramento", "state": "CA"}}, {"type": "Feature", "geometry": {"type": "Point", "coordinates": [-73.47842, 41.380478]}, "properties": {"chain": "popmart", "name": "POP MART", "sector": "lifestyle_variety", "fr": 0, "fdd": 0, "kind": "store", "status": "open", "address": "7 Backus Avenue", "city": "Danbury", "state": "CT"}}, {"type": "Feature", "geometry": {"type": "Point", "coordinates": [-122.407906, 37.78664]}, "properties": {"chain": "popmart", "name": "POP MART", "sector": "lifestyle_variety", "fr": 0, "fdd": 0, "kind": "store", "status": "open", "address": "200 Powell Street", "city": "San Francisco", "state": "CA"}}, {"type": "Feature", "geometry": {"type": "Point", "coordinates": [-117.5514, 34.072742]}, "properties": {"chain": "popmart", "name": "POP MART", "sector": "lifestyle_variety", "fr": 0, "fdd": 0, "kind": "store", "status": "open", "address": "1 Mills Circle", "city": "Ontario", "state": "CA"}}, {"type": "Feature", "geometry": {"type": "Point", "coordinates": [-71.38428, 42.30092]}, "properties": {"chain": "popmart", "name": "POP MART", "sector": "lifestyle_variety", "fr": 0, "fdd": 0, "kind": "store", "status": "open", "address": "Natick Mall", "city": "Natick", "state": "MA"}}, {"type": "Feature", "geometry": {"type": "Point", "coordinates": [-81.39414, 28.447214]}, "properties": {"chain": "popmart", "name": "POP MART", "sector": "lifestyle_variety", "fr": 0, "fdd": 0, "kind": "store", "status": "open", "address": "8001 S. Orange Blossom Trail", "city": "Orlando", "state": "FL"}}, {"type": "Feature", "geometry": {"type": "Point", "coordinates": [-93.24211, 44.854797]}, "properties": {"chain": "popmart", "name": "POP MART", "sector": "lifestyle_variety", "fr": 0, "fdd": 0, "kind": "store", "status": "open", "address": "119 North Garden", "city": "Bloomington", "state": "MN"}}, {"type": "Feature", "geometry": {"type": "Point", "coordinates": [-122.78221, 45.450214]}, "properties": {"chain": "popmart", "name": "POP MART", "sector": "lifestyle_variety", "fr": 0, "fdd": 0, "kind": "store", "status": "open", "address": "9565 SW Washington Square Rd", "city": "Tigard", "state": "OR"}}, {"type": "Feature", "geometry": {"type": "Point", "coordinates": [-77.06004, 38.864662]}, "properties": {"chain": "popmart", "name": "POP MART", "sector": "lifestyle_variety", "fr": 0, "fdd": 0, "kind": "store", "status": "open", "address": "1100 South Hayes Street- Unit G09C", "city": "Arlington", "state": "VA"}}, {"type": "Feature", "geometry": {"type": "Point", "coordinates": [-71.0245, 42.221924]}, "properties": {"chain": "popmart", "name": "POP MART", "sector": "lifestyle_variety", "fr": 0, "fdd": 0, "kind": "store", "status": "open", "address": "250 Granite Street", "city": "Braintree", "state": "MA"}}, {"type": "Feature", "geometry": {"type": "Point", "coordinates": [-83.47006, 42.49193]}, "properties": {"chain": "popmart", "name": "POP MART", "sector": "lifestyle_variety", "fr": 0, "fdd": 0, "kind": "store", "status": "open", "address": "27322 Novi Road", "city": "Novi", "state": "MI"}}, {"type": "Feature", "geometry": {"type": "Point", "coordinates": [-83.18238, 42.56287]}, "properties": {"chain": "popmart", "name": "POP MART", "sector": "lifestyle_variety", "fr": 0, "fdd": 0, "kind": "store", "status": "open", "address": "2800 W. Big Beaver Rd. Space # W-312 Troy", "city": null, "state": "MI"}}, {"type": "Feature", "geometry": {"type": "Point", "coordinates": [-84.34073, 33.92359]}, "properties": {"chain": "popmart", "name": "POP MART", "sector": "lifestyle_variety", "fr": 0, "fdd": 0, "kind": "store", "status": "open", "address": "4400 Ashford Dunwoody Rd", "city": "Atlanta", "state": "GA"}}, {"type": "Feature", "geometry": {"type": "Point", "coordinates": [-87.74904, 42.061516]}, "properties": {"chain": "popmart", "name": "POP MART", "sector": "lifestyle_variety", "fr": 0, "fdd": 0, "kind": "store", "status": "open", "address": "4999 Old Orchard Center", "city": null, "state": "IL"}}, {"type": "Feature", "geometry": {"type": "Point", "coordinates": [-81.37718, 28.666655]}, "properties": {"chain": "popmart", "name": "POP MART", "sector": "lifestyle_variety", "fr": 0, "fdd": 0, "kind": "store", "status": "open", "address": "451 E. Altamonte Dr.", "city": "Altamonte Springs", "state": "FL"}}, {"type": "Feature", "geometry": {"type": "Point", "coordinates": [-82.328545, 27.933764]}, "properties": {"chain": "popmart", "name": "POP MART", "sector": "lifestyle_variety", "fr": 0, "fdd": 0, "kind": "store", "status": "open", "address": "424 Brandon Town Center Drive", "city": "Brandon", "state": "FL"}}, {"type": "Feature", "geometry": {"type": "Point", "coordinates": [-74.33582, 40.547173]}, "properties": {"chain": "popmart", "name": "POP MART", "sector": "lifestyle_variety", "fr": 0, "fdd": 0, "kind": "store", "status": "open", "address": "55 Parsonage Road", "city": "Edison", "state": "NJ"}}, {"type": "Feature", "geometry": {"type": "Point", "coordinates": [-84.469315, 33.88058]}, "properties": {"chain": "popmart", "name": "POP MART", "sector": "lifestyle_variety", "fr": 0, "fdd": 0, "kind": "store", "status": "open", "address": "Suite 1223 Cumberland Mall SE", "city": "Atlanta", "state": "GA"}}, {"type": "Feature", "geometry": {"type": "Point", "coordinates": [-74.29862, 40.25463]}, "properties": {"chain": "popmart", "name": "POP MART", "sector": "lifestyle_variety", "fr": 0, "fdd": 0, "kind": "store", "status": "open", "address": "3710 US-9", "city": "Freehold", "state": "NJ"}}, {"type": "Feature", "geometry": {"type": "Point", "coordinates": [-75.09834, 39.831894]}, "properties": {"chain": "popmart", "name": "POP MART", "sector": "lifestyle_variety", "fr": 0, "fdd": 0, "kind": "store", "status": "open", "address": "1750 Deptford Center Road Space 1133 Deptford", "city": null, "state": "NJ"}}, {"type": "Feature", "geometry": {"type": "Point", "coordinates": [-80.30442, 26.010633]}, "properties": {"chain": "popmart", "name": "POP MART", "sector": "lifestyle_variety", "fr": 0, "fdd": 0, "kind": "store", "status": "open", "address": "11401 Pines Blvd", "city": "Pembroke Pines", "state": "FL"}}, {"type": "Feature", "geometry": {"type": "Point", "coordinates": [-90.44771, 38.6001]}, "properties": {"chain": "popmart", "name": "POP MART", "sector": "lifestyle_variety", "fr": 0, "fdd": 0, "kind": "store", "status": "open", "address": "157 West County Center Des Peres Mo. 63131", "city": null, "state": "MO"}}, {"type": "Feature", "geometry": {"type": "Point", "coordinates": [-122.3009, 37.537876]}, "properties": {"chain": "popmart", "name": "POP MART", "sector": "lifestyle_variety", "fr": 0, "fdd": 0, "kind": "store", "status": "open", "address": "156 Hillsdale Mall", "city": "San Mateo", "state": "CA"}}, {"type": "Feature", "geometry": {"type": "Point", "coordinates": [-111.964554, 33.38249]}, "properties": {"chain": "popmart", "name": "POP MART", "sector": "lifestyle_variety", "fr": 0, "fdd": 0, "kind": "store", "status": "open", "address": "5000 S Arizona Mills Circle", "city": "Tempe", "state": "AZ"}}, {"type": "Feature", "geometry": {"type": "Point", "coordinates": [-74.68213, 40.290596]}, "properties": {"chain": "popmart", "name": "POP MART", "sector": "lifestyle_variety", "fr": 0, "fdd": 0, "kind": "store", "status": "open", "address": "3320 US Highway 1 Unit 125", "city": "Lawrence Township", "state": "NJ"}}, {"type": "Feature", "geometry": {"type": "Point", "coordinates": [-97.0431, 32.966614]}, "properties": {"chain": "popmart", "name": "POP MART", "sector": "lifestyle_variety", "fr": 0, "fdd": 0, "kind": "store", "status": "open", "address": "3000 Grapevine Mills Pkwy RM 513", "city": "Grapevine", "state": "TX"}}, {"type": "Feature", "geometry": {"type": "Point", "coordinates": [-118.60506, 34.186214]}, "properties": {"chain": "popmart", "name": "POP MART", "sector": "lifestyle_variety", "fr": 0, "fdd": 0, "kind": "store", "status": "open", "address": "6600 Topanga Canyon Blvd", "city": "Canoga Park", "state": "CA"}}, {"type": "Feature", "geometry": {"type": "Point", "coordinates": [-85.58752, 42.91635]}, "properties": {"chain": "popmart", "name": "POP MART", "sector": "lifestyle_variety", "fr": 0, "fdd": 0, "kind": "store", "status": "open", "address": "3195 28th Street SE H-104", "city": "Kentwood", "state": "MI"}}, {"type": "Feature", "geometry": {"type": "Point", "coordinates": [-111.89175, 40.768356]}, "properties": {"chain": "popmart", "name": "POP MART", "sector": "lifestyle_variety", "fr": 0, "fdd": 0, "kind": "store", "status": "open", "address": "50 S Main St", "city": "Salt Lake City", "state": "UT"}}, {"type": "Feature", "geometry": {"type": "Point", "coordinates": [-73.834166, 40.760428]}, "properties": {"chain": "xiaolongkan", "name": "Shoo Loong Kan Hotpot", "sector": "food_drink", "fr": 1, "fdd": null, "kind": "store", "status": "open", "address": "133-36 37th Ave", "city": "Queens", "state": "NY"}}, {"type": "Feature", "geometry": {"type": "Point", "coordinates": [-73.99327, 40.73489]}, "properties": {"chain": "xiaolongkan", "name": "Shoo Loong Kan Hotpot", "sector": "food_drink", "fr": 1, "fdd": null, "kind": "store", "status": "open", "address": "22 E 13th St", "city": "New York", "state": "NY"}}, {"type": "Feature", "geometry": {"type": "Point", "coordinates": [-73.969088, 40.851452]}, "properties": {"chain": "xiaolongkan", "name": "Shoo Loong Kan Hotpot", "sector": "food_drink", "fr": 1, "fdd": null, "kind": "store", "status": "open", "address": "2024 Hudson St", "city": "Fort Lee", "state": "NJ"}}, {"type": "Feature", "geometry": {"type": "Point", "coordinates": [-74.037553, 40.716235]}, "properties": {"chain": "xiaolongkan", "name": "Shoo Loong Kan Hotpot", "sector": "food_drink", "fr": 1, "fdd": null, "kind": "store", "status": "open", "address": "253 Washington St", "city": "Jersey City", "state": "NJ"}}, {"type": "Feature", "geometry": {"type": "Point", "coordinates": [-96.728621, 32.953692]}, "properties": {"chain": "xiaolongkan", "name": "Shoo Loong Kan Hotpot", "sector": "food_drink", "fr": 1, "fdd": null, "kind": "store", "status": "open", "address": "400 N Greenville Ave #16", "city": "Richardson", "state": "TX"}}, {"type": "Feature", "geometry": {"type": "Point", "coordinates": [-96.909748, 32.979951]}, "properties": {"chain": "xiaolongkan", "name": "Shoo Loong Kan Hotpot", "sector": "food_drink", "fr": 1, "fdd": null, "kind": "store", "status": "open", "address": "2540 Old Denton Rd #200", "city": "Carrollton", "state": "TX"}}, {"type": "Feature", "geometry": {"type": "Point", "coordinates": [-87.63193, 41.852717]}, "properties": {"chain": "xiaolongkan", "name": "Shoo Loong Kan Hotpot", "sector": "food_drink", "fr": 1, "fdd": null, "kind": "store", "status": "open", "address": "2201 S Wentworth Ave", "city": "Chicago", "state": "IL"}}, {"type": "Feature", "geometry": {"type": "Point", "coordinates": [-115.196426, 36.126324]}, "properties": {"chain": "xiaolongkan", "name": "Shoo Loong Kan Hotpot", "sector": "food_drink", "fr": 1, "fdd": null, "kind": "store", "status": "open", "address": "4215 Spring Mountain Road", "city": null, "state": "NV"}}, {"type": "Feature", "geometry": {"type": "Point", "coordinates": [-71.06287, 42.350954]}, "properties": {"chain": "liuyishou", "name": "Liuyishou Hot Pot", "sector": "food_drink", "fr": null, "fdd": null, "kind": "store", "status": "open", "address": "702 Washington St", "city": "Boston", "state": "MA"}}, {"type": "Feature", "geometry": {"type": "Point", "coordinates": [-117.154573, 32.826387]}, "properties": {"chain": "liuyishou", "name": "Liuyishou Hot Pot", "sector": "food_drink", "fr": null, "fdd": null, "kind": "store", "status": "open", "address": "4690 Convoy St Ste B105-B106", "city": "San Diego", "state": "CA"}}, {"type": "Feature", "geometry": {"type": "Point", "coordinates": [-122.032251, 37.303585]}, "properties": {"chain": "liuyishou", "name": "Liuyishou Hot Pot", "sector": "food_drink", "fr": null, "fdd": null, "kind": "store", "status": "open", "address": "1199 S De Anza Blvd Suite 10", "city": "San Jose", "state": "CA"}}, {"type": "Feature", "geometry": {"type": "Point", "coordinates": [-95.555272, 29.704552]}, "properties": {"chain": "liuyishou", "name": "Liuyishou Hot Pot", "sector": "food_drink", "fr": null, "fdd": null, "kind": "store", "status": "open", "address": "9889 Bellaire Blvd Suite C-309", "city": "Houston", "state": "TX"}}, {"type": "Feature", "geometry": {"type": "Point", "coordinates": [-122.153603, 47.624809]}, "properties": {"chain": "liuyishou", "name": "Liuyishou Hot Pot", "sector": "food_drink", "fr": null, "fdd": null, "kind": "store", "status": "open", "address": "1644 140th Ave NE", "city": "Bellevue", "state": "WA"}}, {"type": "Feature", "geometry": {"type": "Point", "coordinates": [-87.631928, 41.852588]}, "properties": {"chain": "liuyishou", "name": "Liuyishou Hot Pot", "sector": "food_drink", "fr": null, "fdd": null, "kind": "store", "status": "open", "address": "2215 S Wentworth Ave", "city": "Chicago", "state": "IL"}}, {"type": "Feature", "geometry": {"type": "Point", "coordinates": [-74.681958, 40.295362]}, "properties": {"chain": "liuyishou", "name": "Liuyishou Hot Pot", "sector": "food_drink", "fr": null, "fdd": null, "kind": "store", "status": "open", "address": "3349 Brunswick Pike #68", "city": "Lawrence Township", "state": "NJ"}}, {"type": "Feature", "geometry": {"type": "Point", "coordinates": [-96.770251, 33.02922]}, "properties": {"chain": "liuyishou", "name": "Liuyishou Hot Pot", "sector": "food_drink", "fr": null, "fdd": null, "kind": "store", "status": "open", "address": "2001 Coit Rd Ste 137D", "city": "Plano", "state": "TX"}}, {"type": "Feature", "geometry": {"type": "Point", "coordinates": [-73.828467, 40.760622]}, "properties": {"chain": "liuyishou", "name": "Liuyishou Hot Pot", "sector": "food_drink", "fr": null, "fdd": null, "kind": "store", "status": "open", "address": "136-76 39th Ave", "city": "Queens", "state": "NY"}}, {"type": "Feature", "geometry": {"type": "Point", "coordinates": [-122.324168, 37.564201]}, "properties": {"chain": "liuyishou", "name": "Liuyishou Hot Pot", "sector": "food_drink", "fr": null, "fdd": null, "kind": "store", "status": "open", "address": "98 E 3rd Ave", "city": "San Mateo", "state": "CA"}}, {"type": "Feature", "geometry": {"type": "Point", "coordinates": [-73.832226, 40.759611]}, "properties": {"chain": "aunteajenny", "name": "Auntea Jenny", "sector": "tea", "fr": null, "fdd": null, "kind": "store", "status": "open", "address": "39-07 Prince Street", "city": "Flushing", "state": "NY"}}, {"type": "Feature", "geometry": {"type": "Point", "coordinates": [-73.998267, 40.728985]}, "properties": {"chain": "aunteajenny", "name": "Auntea Jenny", "sector": "tea", "fr": null, "fdd": null, "kind": "store", "status": "open", "address": "552 LaGuardia Place", "city": "New York", "state": "NY"}}, {"type": "Feature", "geometry": {"type": "Point", "coordinates": [-117.906904, 33.995368]}, "properties": {"chain": "aunteajenny", "name": "Auntea Jenny", "sector": "tea", "fr": null, "fdd": null, "kind": "store", "status": "open", "address": "18205 Gale Avenue Unit B", "city": "City of Industry", "state": "CA"}}, {"type": "Feature", "geometry": {"type": "Point", "coordinates": [-117.783497, 33.708579]}, "properties": {"chain": "aunteajenny", "name": "Auntea Jenny", "sector": "tea", "fr": null, "fdd": null, "kind": "store", "status": "open", "address": "14130 Culver Drive Unit H-2", "city": "Irvine", "state": "CA"}}, {"type": "Feature", "geometry": {"type": "Point", "coordinates": [-118.103991, 34.079582]}, "properties": {"chain": "aunteajenny", "name": "Auntea Jenny", "sector": "tea", "fr": null, "fdd": null, "kind": "store", "status": "open", "address": "301 W Valley Blvd Unit 103", "city": "San Gabriel", "state": "CA"}}, {"type": "Feature", "geometry": {"type": "Point", "coordinates": [-117.997961, 33.860011]}, "properties": {"chain": "aunteajenny", "name": "Auntea Jenny", "sector": "tea", "fr": null, "fdd": null, "kind": "store", "status": "open", "address": "6924 Beach Blvd Unit k336 3rd Floor", "city": "Buena Park", "state": "CA"}}, {"type": "Feature", "geometry": {"type": "Point", "coordinates": [-118.054736, 34.126913]}, "properties": {"chain": "mollytea", "name": "Molly Tea", "sector": "tea", "fr": null, "fdd": null, "kind": "store", "status": "open", "address": "1130 S Balwin Ave", "city": "Arcadia", "state": "CA"}}, {"type": "Feature", "geometry": {"type": "Point", "coordinates": [-122.201621, 47.611281]}, "properties": {"chain": "mollytea", "name": "Molly Tea", "sector": "tea", "fr": null, "fdd": null, "kind": "store", "status": "open", "address": "103 Bellevue Way NE", "city": "Bellevue", "state": "WA"}}, {"type": "Feature", "geometry": {"type": "Point", "coordinates": [-71.060225, 42.351253]}, "properties": {"chain": "mollytea", "name": "Molly Tea", "sector": "tea", "fr": null, "fdd": null, "kind": "store", "status": "open", "address": "67 Beach Street", "city": "Boston", "state": "MA"}}, {"type": "Feature", "geometry": {"type": "Point", "coordinates": [-111.888329, 40.696736]}, "properties": {"chain": "mollytea", "name": "Molly Tea", "sector": "tea", "fr": null, "fdd": null, "kind": "store", "status": "open", "address": "3420 State St", "city": "South Salt Lake", "state": "UT"}}, {"type": "Feature", "geometry": {"type": "Point", "coordinates": [-122.006688, 37.322893]}, "properties": {"chain": "mollytea", "name": "Molly Tea", "sector": "tea", "fr": null, "fdd": null, "kind": "store", "status": "open", "address": "19110 Stevens Creek Blvd", "city": "Cupertino", "state": "CA"}}, {"type": "Feature", "geometry": {"type": "Point", "coordinates": [-84.28969, 33.907166]}, "properties": {"chain": "mollytea", "name": "Molly Tea", "sector": "tea", "fr": null, "fdd": null, "kind": "store", "status": "open", "address": "6035 Peachtree Rd", "city": "Doraville", "state": "GA"}}, {"type": "Feature", "geometry": {"type": "Point", "coordinates": [-84.133708, 33.957588]}, "properties": {"chain": "mollytea", "name": "Molly Tea", "sector": "tea", "fr": null, "fdd": null, "kind": "store", "status": "open", "address": "2131 Pleasant Hill Rd #135", "city": "Duluth", "state": "GA"}}, {"type": "Feature", "geometry": {"type": "Point", "coordinates": [-95.555272, 29.704552]}, "properties": {"chain": "mollytea", "name": "Molly Tea", "sector": "tea", "fr": null, "fdd": null, "kind": "store", "status": "open", "address": "9889 Bellaire Blvd D226", "city": "Houston", "state": "TX"}}, {"type": "Feature", "geometry": {"type": "Point", "coordinates": [-115.224859, 36.127265]}, "properties": {"chain": "mollytea", "name": "Molly Tea", "sector": "tea", "fr": null, "fdd": null, "kind": "store", "status": "open", "address": "3400 S Jones Blvd #20", "city": "Las Vegas", "state": "NV"}}, {"type": "Feature", "geometry": {"type": "Point", "coordinates": [-74.405927, 40.512838]}, "properties": {"chain": "mollytea", "name": "Molly Tea", "sector": "tea", "fr": null, "fdd": null, "kind": "store", "status": "open", "address": "1777 NJ-27 suite 102", "city": "Edison", "state": "NJ"}}, {"type": "Feature", "geometry": {"type": "Point", "coordinates": [-122.161243, 37.446151]}, "properties": {"chain": "mollytea", "name": "Molly Tea", "sector": "tea", "fr": null, "fdd": null, "kind": "store", "status": "open", "address": "318 University Ave", "city": "Palo Alto", "state": "CA"}}, {"type": "Feature", "geometry": {"type": "Point", "coordinates": [-87.631919, 41.852062]}, "properties": {"chain": "mollytea", "name": "Molly Tea", "sector": "tea", "fr": null, "fdd": null, "kind": "store", "status": "open", "address": "2227 S Wentworth Ave", "city": "Chicago", "state": "IL"}}, {"type": "Feature", "geometry": {"type": "Point", "coordinates": [-122.323587, 37.566677]}, "properties": {"chain": "mollytea", "name": "Molly Tea", "sector": "tea", "fr": null, "fdd": null, "kind": "store", "status": "open", "address": "153 S B St", "city": "San Mateo", "state": "CA"}}, {"type": "Feature", "geometry": {"type": "Point", "coordinates": [-121.947425, 37.395413]}, "properties": {"chain": "mollytea", "name": "Molly Tea", "sector": "tea", "fr": null, "fdd": null, "kind": "store", "status": "open", "address": "3969 Rivermark plz", "city": "Santa Clara", "state": "CA"}}, {"type": "Feature", "geometry": {"type": "Point", "coordinates": [-122.024632, 37.361683]}, "properties": {"chain": "mollytea", "name": "Molly Tea", "sector": "tea", "fr": null, "fdd": null, "kind": "store", "status": "open", "address": "605 E El Camino Real", "city": "Sunnyvale", "state": "CA"}}, {"type": "Feature", "geometry": {"type": "Point", "coordinates": [-75.197147, 39.954938]}, "properties": {"chain": "mollytea", "name": "Molly Tea", "sector": "tea", "fr": null, "fdd": null, "kind": "store", "status": "open", "address": "3720 chestnut st philadephia", "city": null, "state": "PA"}}, {"type": "Feature", "geometry": {"type": "Point", "coordinates": [-74.044879, 40.716293]}, "properties": {"chain": "mollytea", "name": "Molly Tea", "sector": "tea", "fr": null, "fdd": null, "kind": "store", "status": "open", "address": "223 Grove St", "city": "Jersey City", "state": "NJ"}}, {"type": "Feature", "geometry": {"type": "Point", "coordinates": [-85.965588, 31.800403]}, "properties": {"chain": "moge", "name": "Möge Tee", "sector": "tea", "fr": 1, "fdd": 1, "kind": "store", "status": "open", "address": "110 University Ave Unit A", "city": "Troy", "state": "AL"}}, {"type": "Feature", "geometry": {"type": "Point", "coordinates": [-117.961851, 33.78851]}, "properties": {"chain": "moge", "name": "Möge Tee", "sector": "tea", "fr": 1, "fdd": 1, "kind": "store", "status": "open", "address": "9820 Chapman Ave", "city": "Garden Grove", "state": "CA"}}, {"type": "Feature", "geometry": {"type": "Point", "coordinates": [-118.400522, 33.863909]}, "properties": {"chain": "moge", "name": "Möge Tee", "sector": "tea", "fr": 1, "fdd": 1, "kind": "store", "status": "open", "address": "1411 Hermosa Ave", "city": "Hermosa Beach", "state": "CA"}}, {"type": "Feature", "geometry": {"type": "Point", "coordinates": [-117.15416, 32.776003]}, "properties": {"chain": "moge", "name": "Möge Tee", "sector": "tea", "fr": 1, "fdd": 1, "kind": "store", "status": "open", "address": "5664 Mission Center Rd suite 406", "city": "San Diego", "state": "CA"}}, {"type": "Feature", "geometry": {"type": "Point", "coordinates": [-105.081357, 39.661525]}, "properties": {"chain": "moge", "name": "Möge Tee", "sector": "tea", "fr": 1, "fdd": 1, "kind": "store", "status": "open", "address": "3140 S Wadsworth Ct unit 115", "city": "Lakewood", "state": "CO"}}, {"type": "Feature", "geometry": {"type": "Point", "coordinates": [-77.072554, 38.92182]}, "properties": {"chain": "moge", "name": "Möge Tee", "sector": "tea", "fr": 1, "fdd": 1, "kind": "store", "status": "open", "address": "2428 Wisconsin Ave NW", "city": "Washington", "state": "DC"}}, {"type": "Feature", "geometry": {"type": "Point", "coordinates": [-81.364505, 28.552428]}, "properties": {"chain": "moge", "name": "Möge Tee", "sector": "tea", "fr": 1, "fdd": 1, "kind": "store", "status": "open", "address": "636 N Mills Ave unit #a", "city": "Orlando", "state": "FL"}}, {"type": "Feature", "geometry": {"type": "Point", "coordinates": [-81.553607, 30.220858]}, "properties": {"chain": "moge", "name": "Möge Tee", "sector": "tea", "fr": 1, "fdd": 1, "kind": "store", "status": "open", "address": "9932 Old Baymeadows Rd", "city": "Jacksonville", "state": "FL"}}, {"type": "Feature", "geometry": {"type": "Point", "coordinates": [-81.244323, 28.3832]}, "properties": {"chain": "moge", "name": "Möge Tee", "sector": "tea", "fr": 1, "fdd": 1, "kind": "store", "status": "open", "address": "12701 Narcoossee Rd unit 160", "city": "Orlando", "state": "FL"}}, {"type": "Feature", "geometry": {"type": "Point", "coordinates": [-81.487658, 28.450007]}, "properties": {"chain": "moge", "name": "Möge Tee", "sector": "tea", "fr": 1, "fdd": 1, "kind": "store", "status": "open", "address": "7583 W Sand Lake Rd", "city": "Orlando", "state": "FL"}}, {"type": "Feature", "geometry": {"type": "Point", "coordinates": [-80.287274, 25.704305]}, "properties": {"chain": "moge", "name": "Möge Tee", "sector": "tea", "fr": 1, "fdd": 1, "kind": "store", "status": "open", "address": "5796 Sunset Dr", "city": "Miami", "state": "FL"}}, {"type": "Feature", "geometry": {"type": "Point", "coordinates": [-82.428378, 28.056998]}, "properties": {"chain": "moge", "name": "Möge Tee", "sector": "tea", "fr": 1, "fdd": 1, "kind": "store", "status": "open", "address": "2850 University Square Dr", "city": "Tampa", "state": "FL"}}, {"type": "Feature", "geometry": {"type": "Point", "coordinates": [-81.63319, 28.468446]}, "properties": {"chain": "moge", "name": "Möge Tee", "sector": "tea", "fr": 1, "fdd": 1, "kind": "store", "status": "open", "address": "14410 Shoreside Way", "city": "Winter Garden", "state": "FL"}}, {"type": "Feature", "geometry": {"type": "Point", "coordinates": [-84.404768, 33.781596]}, "properties": {"chain": "moge", "name": "Möge Tee", "sector": "tea", "fr": 1, "fdd": 1, "kind": "store", "status": "open", "address": "525 10th Street Northwest", "city": "Atlanta", "state": "GA"}}, {"type": "Feature", "geometry": {"type": "Point", "coordinates": [-84.389267, 33.755887]}, "properties": {"chain": "moge", "name": "Möge Tee", "sector": "tea", "fr": 1, "fdd": 1, "kind": "store", "status": "open", "address": "68 Broad St NW", "city": "Atlanta", "state": "GA"}}, {"type": "Feature", "geometry": {"type": "Point", "coordinates": [-84.38885, 33.777683]}, "properties": {"chain": "moge", "name": "Möge Tee", "sector": "tea", "fr": 1, "fdd": 1, "kind": "store", "status": "open", "address": "848 Spring St NW", "city": "Atlanta", "state": "GA"}}, {"type": "Feature", "geometry": {"type": "Point", "coordinates": [-87.681922, 42.046604]}, "properties": {"chain": "moge", "name": "Möge Tee", "sector": "tea", "fr": 1, "fdd": 1, "kind": "store", "status": "open", "address": "1590 Sherman Ave", "city": "Evanston", "state": "IL"}}, {"type": "Feature", "geometry": {"type": "Point", "coordinates": [-88.231921, 40.110227]}, "properties": {"chain": "moge", "name": "Möge Tee", "sector": "tea", "fr": 1, "fdd": 1, "kind": "store", "status": "open", "address": "505 E Green St suite 104", "city": "Champaign", "state": "IL"}}, {"type": "Feature", "geometry": {"type": "Point", "coordinates": [-71.132856, 42.352984]}, "properties": {"chain": "moge", "name": "Möge Tee", "sector": "tea", "fr": 1, "fdd": 1, "kind": "store", "status": "open", "address": "164 Brighton Ave", "city": "Boston", "state": "MA"}}, {"type": "Feature", "geometry": {"type": "Point", "coordinates": [-72.519801, 42.37683]}, "properties": {"chain": "moge", "name": "Möge Tee", "sector": "tea", "fr": 1, "fdd": 1, "kind": "store", "status": "open", "address": "71 N Pleasant St", "city": "Amherst", "state": "MA"}}, {"type": "Feature", "geometry": {"type": "Point", "coordinates": [-71.103071, 42.365082]}, "properties": {"chain": "moge", "name": "Möge Tee", "sector": "tea", "fr": 1, "fdd": 1, "kind": "store", "status": "open", "address": "605 Massachusetts Ave", "city": "Cambridge", "state": "MA"}}, {"type": "Feature", "geometry": {"type": "Point", "coordinates": [-71.175281, 42.231231]}, "properties": {"chain": "moge", "name": "Möge Tee", "sector": "tea", "fr": 1, "fdd": 1, "kind": "store", "status": "open", "address": "752 Legacy Pl", "city": "Dedham", "state": "MA"}}, {"type": "Feature", "geometry": {"type": "Point", "coordinates": [-71.024915, 42.273785]}, "properties": {"chain": "moge", "name": "Möge Tee", "sector": "tea", "fr": 1, "fdd": 1, "kind": "store", "status": "open", "address": "54 Billings Rd", "city": "Quincy", "state": "MA"}}, {"type": "Feature", "geometry": {"type": "Point", "coordinates": [-76.934235, 38.990414]}, "properties": {"chain": "moge", "name": "Möge Tee", "sector": "tea", "fr": 1, "fdd": 1, "kind": "store", "status": "open", "address": "8150 Baltimore Ave", "city": "College Park", "state": "MD"}}, {"type": "Feature", "geometry": {"type": "Point", "coordinates": [-83.709608, 42.302543]}, "properties": {"chain": "moge", "name": "Möge Tee", "sector": "tea", "fr": 1, "fdd": 1, "kind": "store", "status": "open", "address": "2603 Plymouth Rd", "city": "Ann Arbor", "state": "MI"}}, {"type": "Feature", "geometry": {"type": "Point", "coordinates": [-84.47815, 42.733789]}, "properties": {"chain": "moge", "name": "Möge Tee", "sector": "tea", "fr": 1, "fdd": 1, "kind": "store", "status": "open", "address": "515 E Grand River Ave ste e", "city": "East Lansing", "state": "MI"}}, {"type": "Feature", "geometry": {"type": "Point", "coordinates": [-79.054142, 35.913843]}, "properties": {"chain": "moge", "name": "Möge Tee", "sector": "tea", "fr": 1, "fdd": 1, "kind": "store", "status": "open", "address": "151 E Franklin St", "city": "Chapel Hill", "state": "NC"}}, {"type": "Feature", "geometry": {"type": "Point", "coordinates": [-78.921992, 36.009599]}, "properties": {"chain": "moge", "name": "Möge Tee", "sector": "tea", "fr": 1, "fdd": 1, "kind": "store", "status": "open", "address": "760 9th St", "city": "Durham", "state": "NC"}}, {"type": "Feature", "geometry": {"type": "Point", "coordinates": [-79.805083, 36.068356]}, "properties": {"chain": "moge", "name": "Möge Tee", "sector": "tea", "fr": 1, "fdd": 1, "kind": "store", "status": "open", "address": "948 Walker Avenue", "city": "Greensboro", "state": "NC"}}, {"type": "Feature", "geometry": {"type": "Point", "coordinates": [-75.646713, 35.989653]}, "properties": {"chain": "moge", "name": "Möge Tee", "sector": "tea", "fr": 1, "fdd": 1, "kind": "store", "status": "open", "address": "2236 S Croatan Hwy unit 1", "city": "Nags Head", "state": "NC"}}, {"type": "Feature", "geometry": {"type": "Point", "coordinates": [-78.666032, 35.787268]}, "properties": {"chain": "moge", "name": "Möge Tee", "sector": "tea", "fr": 1, "fdd": 1, "kind": "store", "status": "open", "address": "2304 Hillsborough St #100", "city": "Raleigh", "state": "NC"}}, {"type": "Feature", "geometry": {"type": "Point", "coordinates": [-74.171018, 40.73518]}, "properties": {"chain": "moge", "name": "Möge Tee", "sector": "tea", "fr": 1, "fdd": 1, "kind": "store", "status": "open", "address": "194 Market Street", "city": "Newark", "state": "NJ"}}, {"type": "Feature", "geometry": {"type": "Point", "coordinates": [-74.228866, 40.40042]}, "properties": {"chain": "moge", "name": "Möge Tee", "sector": "tea", "fr": 1, "fdd": 1, "kind": "store", "status": "open", "address": "1061 Route 34 suite b", "city": "Aberdeen", "state": "NJ"}}, {"type": "Feature", "geometry": {"type": "Point", "coordinates": [-73.969615, 40.85202]}, "properties": {"chain": "moge", "name": "Möge Tee", "sector": "tea", "fr": 1, "fdd": 1, "kind": "store", "status": "open", "address": "2029 Lemoine Ave #102", "city": "Fort Lee", "state": "NJ"}}, {"type": "Feature", "geometry": {"type": "Point", "coordinates": [-74.034622, 40.730652]}, "properties": {"chain": "moge", "name": "Möge Tee", "sector": "tea", "fr": 1, "fdd": 1, "kind": "store", "status": "open", "address": "564 Washington Blvd", "city": "Jersey City", "state": "NJ"}}, {"type": "Feature", "geometry": {"type": "Point", "coordinates": [-73.992829, 40.715121]}, "properties": {"chain": "moge", "name": "Möge Tee", "sector": "tea", "fr": 1, "fdd": 1, "kind": "store", "status": "open", "address": "90 Canal St", "city": "New York", "state": "NY"}}, {"type": "Feature", "geometry": {"type": "Point", "coordinates": [-73.827797, 40.75438]}, "properties": {"chain": "moge", "name": "Möge Tee", "sector": "tea", "fr": 1, "fdd": 1, "kind": "store", "status": "open", "address": "42-35 Main St", "city": "Queens", "state": "NY"}}, {"type": "Feature", "geometry": {"type": "Point", "coordinates": [-77.640178, 43.081042]}, "properties": {"chain": "moge", "name": "Möge Tee", "sector": "tea", "fr": 1, "fdd": 1, "kind": "store", "status": "open", "address": "3679 West Henrietta Road", "city": "Rochester", "state": "NY"}}, {"type": "Feature", "geometry": {"type": "Point", "coordinates": [-73.978905, 40.736299]}, "properties": {"chain": "moge", "name": "Möge Tee", "sector": "tea", "fr": 1, "fdd": 1, "kind": "store", "status": "open", "address": "379 1st Ave.", "city": "New York", "state": "NY"}}, {"type": "Feature", "geometry": {"type": "Point", "coordinates": [-73.841391, 42.682246]}, "properties": {"chain": "moge", "name": "Möge Tee", "sector": "tea", "fr": 1, "fdd": 1, "kind": "store", "status": "open", "address": "1512 Western Avenue Suite 2", "city": "Albany", "state": "NY"}}, {"type": "Feature", "geometry": {"type": "Point", "coordinates": [-73.769743, 40.761207]}, "properties": {"chain": "moge", "name": "Möge Tee", "sector": "tea", "fr": 1, "fdd": 1, "kind": "store", "status": "open", "address": "43-19 Bell Blvd", "city": "Bayside", "state": "NY"}}, {"type": "Feature", "geometry": {"type": "Point", "coordinates": [-74.010963, 40.637362]}, "properties": {"chain": "moge", "name": "Möge Tee", "sector": "tea", "fr": 1, "fdd": 1, "kind": "store", "status": "open", "address": "705 59th St unit d", "city": "Brooklyn", "state": "NY"}}, {"type": "Feature", "geometry": {"type": "Point", "coordinates": [-73.98636, 40.691963]}, "properties": {"chain": "moge", "name": "Möge Tee", "sector": "tea", "fr": 1, "fdd": 1, "kind": "store", "status": "open", "address": "140 Lawrence St", "city": "Brooklyn", "state": "NY"}}, {"type": "Feature", "geometry": {"type": "Point", "coordinates": [-73.99016, 40.729084]}, "properties": {"chain": "moge", "name": "Möge Tee", "sector": "tea", "fr": 1, "fdd": 1, "kind": "store", "status": "open", "address": "69 Cooper Sq", "city": "New York", "state": "NY"}}, {"type": "Feature", "geometry": {"type": "Point", "coordinates": [-73.445775, 40.732654]}, "properties": {"chain": "moge", "name": "Möge Tee", "sector": "tea", "fr": 1, "fdd": 1, "kind": "store", "status": "open", "address": "279 Main Street", "city": "Farmingdale", "state": "NY"}}, {"type": "Feature", "geometry": {"type": "Point", "coordinates": [-73.830649, 40.760777]}, "properties": {"chain": "moge", "name": "Möge Tee", "sector": "tea", "fr": 1, "fdd": 1, "kind": "store", "status": "open", "address": "38-03 Main St", "city": "Flushing", "state": "NY"}}, {"type": "Feature", "geometry": {"type": "Point", "coordinates": [-73.846397, 40.720815]}, "properties": {"chain": "moge", "name": "Möge Tee", "sector": "tea", "fr": 1, "fdd": 1, "kind": "store", "status": "open", "address": "70-15 Austin St", "city": "Forest Hills", "state": "NY"}}, {"type": "Feature", "geometry": {"type": "Point", "coordinates": [-73.791885, 40.738945]}, "properties": {"chain": "moge", "name": "Möge Tee", "sector": "tea", "fr": 1, "fdd": 1, "kind": "store", "status": "open", "address": "61-12 182nd St", "city": "Flushing", "state": "NY"}}, {"type": "Feature", "geometry": {"type": "Point", "coordinates": [-73.427411, 40.871649]}, "properties": {"chain": "moge", "name": "Möge Tee", "sector": "tea", "fr": 1, "fdd": 1, "kind": "store", "status": "open", "address": "22 Wall St", "city": "Huntington", "state": "NY"}}, {"type": "Feature", "geometry": {"type": "Point", "coordinates": [-73.941454, 40.749737]}, "properties": {"chain": "moge", "name": "Möge Tee", "sector": "tea", "fr": 1, "fdd": 1, "kind": "store", "status": "open", "address": "42-32 Crescent Street", "city": "Long Island City", "state": "NY"}}, {"type": "Feature", "geometry": {"type": "Point", "coordinates": [-73.9649, 40.801428]}, "properties": {"chain": "moge", "name": "Möge Tee", "sector": "tea", "fr": 1, "fdd": 1, "kind": "store", "status": "open", "address": "971 Amsterdam Avenue", "city": "New York", "state": "NY"}}, {"type": "Feature", "geometry": {"type": "Point", "coordinates": [-73.808131, 40.763702]}, "properties": {"chain": "moge", "name": "Möge Tee", "sector": "tea", "fr": 1, "fdd": 1, "kind": "store", "status": "open", "address": "157-08 Northern Boulevard", "city": "Queens", "state": "NY"}}, {"type": "Feature", "geometry": {"type": "Point", "coordinates": [-73.919455, 40.743022]}, "properties": {"chain": "moge", "name": "Möge Tee", "sector": "tea", "fr": 1, "fdd": 1, "kind": "store", "status": "open", "address": "45-18 Queens Blvd", "city": "New York", "state": "NY"}}, {"type": "Feature", "geometry": {"type": "Point", "coordinates": [-73.962208, 40.717779]}, "properties": {"chain": "moge", "name": "Möge Tee", "sector": "tea", "fr": 1, "fdd": 1, "kind": "store", "status": "open", "address": "76 N 4th St", "city": "Brooklyn", "state": "NY"}}, {"type": "Feature", "geometry": {"type": "Point", "coordinates": [-97.443765, 35.212345]}, "properties": {"chain": "moge", "name": "Möge Tee", "sector": "tea", "fr": 1, "fdd": 1, "kind": "store", "status": "open", "address": "754 Asp Avenue", "city": "Norman", "state": "OK"}}, {"type": "Feature", "geometry": {"type": "Point", "coordinates": [-75.156701, 39.953657]}, "properties": {"chain": "moge", "name": "Möge Tee", "sector": "tea", "fr": 1, "fdd": 1, "kind": "store", "status": "open", "address": "1025 Arch St", "city": "Philadelphia", "state": "PA"}}, {"type": "Feature", "geometry": {"type": "Point", "coordinates": [-75.155219, 39.951391]}, "properties": {"chain": "moge", "name": "Möge Tee", "sector": "tea", "fr": 1, "fdd": 1, "kind": "store", "status": "open", "address": "901 Market St 2nd fl", "city": "Philadelphia", "state": "PA"}}, {"type": "Feature", "geometry": {"type": "Point", "coordinates": [-97.742053, 30.282703]}, "properties": {"chain": "moge", "name": "Möge Tee", "sector": "tea", "fr": 1, "fdd": 1, "kind": "store", "status": "open", "address": "2000 Guadalupe St", "city": "Austin", "state": "TX"}}, {"type": "Feature", "geometry": {"type": "Point", "coordinates": [-96.912169, 32.98267]}, "properties": {"chain": "moge", "name": "Möge Tee", "sector": "tea", "fr": 1, "fdd": 1, "kind": "store", "status": "open", "address": "1016 W Trinity Mills Rd #100", "city": "Carrollton", "state": "TX"}}, {"type": "Feature", "geometry": {"type": "Point", "coordinates": [-95.731097, 29.984416]}, "properties": {"chain": "moge", "name": "Möge Tee", "sector": "tea", "fr": 1, "fdd": 1, "kind": "store", "status": "open", "address": "29040 US-290 suite a01", "city": "Cypress", "state": "TX"}}, {"type": "Feature", "geometry": {"type": "Point", "coordinates": [-95.55528, 29.704666]}, "properties": {"chain": "moge", "name": "Möge Tee", "sector": "tea", "fr": 1, "fdd": 1, "kind": "store", "status": "open", "address": "9888 Bellaire Blvd ste 148", "city": "Houston", "state": "TX"}}, {"type": "Feature", "geometry": {"type": "Point", "coordinates": [-95.410193, 29.803006]}, "properties": {"chain": "moge", "name": "Möge Tee", "sector": "tea", "fr": 1, "fdd": 1, "kind": "store", "status": "open", "address": "1919 North Shepherd Drive suite b", "city": "Houston", "state": "TX"}}, {"type": "Feature", "geometry": {"type": "Point", "coordinates": [-96.335964, 30.627778]}, "properties": {"chain": "moge", "name": "Möge Tee", "sector": "tea", "fr": 1, "fdd": 1, "kind": "store", "status": "open", "address": "424 Northpoint Crossing #1700", "city": "College Station", "state": "TX"}}, {"type": "Feature", "geometry": {"type": "Point", "coordinates": [-95.401031, 29.709748]}, "properties": {"chain": "moge", "name": "Möge Tee", "sector": "tea", "fr": 1, "fdd": 1, "kind": "store", "status": "open", "address": "1709 Dryden Rd unit 2a", "city": "Houston", "state": "TX"}}, {"type": "Feature", "geometry": {"type": "Point", "coordinates": [-77.22327, 38.91854]}, "properties": {"chain": "moge", "name": "Möge Tee", "sector": "tea", "fr": 1, "fdd": 1, "kind": "store", "status": "open", "address": "8051 Tysons Corner Center", "city": "McLean", "state": "VA"}}, {"type": "Feature", "geometry": {"type": "Point", "coordinates": [-78.499637, 38.034162]}, "properties": {"chain": "moge", "name": "Möge Tee", "sector": "tea", "fr": 1, "fdd": 1, "kind": "store", "status": "open", "address": "109 14th St NW", "city": "Charlottesville", "state": "VA"}}, {"type": "Feature", "geometry": {"type": "Point", "coordinates": [-122.150943, 47.627989]}, "properties": {"chain": "moge", "name": "Möge Tee", "sector": "tea", "fr": 1, "fdd": 1, "kind": "store", "status": "open", "address": "14220 Northeast 20th Street suite b", "city": "Bellevue", "state": "WA"}}, {"type": "Feature", "geometry": {"type": "Point", "coordinates": [-122.313063, 47.66061]}, "properties": {"chain": "moge", "name": "Möge Tee", "sector": "tea", "fr": 1, "fdd": 1, "kind": "store", "status": "open", "address": "4334 University Way Northeast", "city": "Seattle", "state": "WA"}}, {"type": "Feature", "geometry": {"type": "Point", "coordinates": [-122.078311, 37.394999]}, "properties": {"chain": "happylamb", "name": "Happy Lamb Hot Pot", "sector": "food_drink", "fr": 0, "fdd": 0, "kind": "store", "status": "open", "address": "102 Castro St", "city": "Mountain View", "state": "CA"}}, {"type": "Feature", "geometry": {"type": "Point", "coordinates": [-88.127751, 41.797198]}, "properties": {"chain": "happylamb", "name": "Happy Lamb Hot Pot", "sector": "food_drink", "fr": 0, "fdd": 0, "kind": "store", "status": "open", "address": "1170 Iroquois Ave #106", "city": "Naperville", "state": "IL"}}, {"type": "Feature", "geometry": {"type": "Point", "coordinates": [-97.786142, 30.446077]}, "properties": {"chain": "happylamb", "name": "Happy Lamb Hot Pot", "sector": "food_drink", "fr": 0, "fdd": 0, "kind": "store", "status": "open", "address": "13343 N Hwy 183 #290", "city": "Austin", "state": "TX"}}, {"type": "Feature", "geometry": {"type": "Point", "coordinates": [-73.828864, 40.762143]}, "properties": {"chain": "happylamb", "name": "Happy Lamb Hot Pot", "sector": "food_drink", "fr": 0, "fdd": 0, "kind": "store", "status": "open", "address": "136-59 37th Ave", "city": "Flushing", "state": "NY"}}, {"type": "Feature", "geometry": {"type": "Point", "coordinates": [-71.131917, 42.352863]}, "properties": {"chain": "happylamb", "name": "Happy Lamb Hot Pot", "sector": "food_drink", "fr": 0, "fdd": 0, "kind": "store", "status": "open", "address": "138 Brighton Ave", "city": "Boston", "state": "MA"}}, {"type": "Feature", "geometry": {"type": "Point", "coordinates": [-118.101611, 34.079584]}, "properties": {"chain": "happylamb", "name": "Happy Lamb Hot Pot", "sector": "food_drink", "fr": 0, "fdd": 0, "kind": "store", "status": "open", "address": "140 W Valley Blvd Ste 213", "city": "San Gabriel", "state": "CA"}}, {"type": "Feature", "geometry": {"type": "Point", "coordinates": [-122.132491, 47.622782]}, "properties": {"chain": "happylamb", "name": "Happy Lamb Hot Pot", "sector": "food_drink", "fr": 0, "fdd": 0, "kind": "store", "status": "open", "address": "1411 156th Ave NE", "city": "Bellevue", "state": "WA"}}, {"type": "Feature", "geometry": {"type": "Point", "coordinates": [-117.986, 33.7273]}, "properties": {"chain": "happylamb", "name": "Happy Lamb Hot Pot", "sector": "food_drink", "fr": 0, "fdd": 0, "kind": "store", "status": "open", "address": "16310 Beach Blvd", "city": "Westminster", "state": "CA"}}, {"type": "Feature", "geometry": {"type": "Point", "coordinates": [-74.407095, 40.512]}, "properties": {"chain": "happylamb", "name": "Happy Lamb Hot Pot", "sector": "food_drink", "fr": 0, "fdd": 0, "kind": "store", "status": "open", "address": "1737 NJ-27", "city": "Edison", "state": "NJ"}}, {"type": "Feature", "geometry": {"type": "Point", "coordinates": [-117.920914, 33.990413]}, "properties": {"chain": "happylamb", "name": "Happy Lamb Hot Pot", "sector": "food_drink", "fr": 0, "fdd": 0, "kind": "store", "status": "open", "address": "17603 Colima Rd", "city": "City of Industry", "state": "CA"}}, {"type": "Feature", "geometry": {"type": "Point", "coordinates": [-122.005724, 37.322893]}, "properties": {"chain": "happylamb", "name": "Happy Lamb Hot Pot", "sector": "food_drink", "fr": 0, "fdd": 0, "kind": "store", "status": "open", "address": "19062 Stevens Creek Blvd", "city": "Cupertino", "state": "CA"}}, {"type": "Feature", "geometry": {"type": "Point", "coordinates": [-122.32379, 37.56565]}, "properties": {"chain": "happylamb", "name": "Happy Lamb Hot Pot", "sector": "food_drink", "fr": 0, "fdd": 0, "kind": "store", "status": "open", "address": "215 S Ellsworth Ave", "city": "San Mateo", "state": "CA"}}, {"type": "Feature", "geometry": {"type": "Point", "coordinates": [-87.632042, 41.850581]}, "properties": {"chain": "happylamb", "name": "Happy Lamb Hot Pot", "sector": "food_drink", "fr": 0, "fdd": 0, "kind": "store", "status": "open", "address": "2312 S Wentworth Ave", "city": "Chicago", "state": "IL"}}, {"type": "Feature", "geometry": {"type": "Point", "coordinates": [-96.695611, 33.068178]}, "properties": {"chain": "happylamb", "name": "Happy Lamb Hot Pot", "sector": "food_drink", "fr": 0, "fdd": 0, "kind": "store", "status": "open", "address": "240 Legacy Dr #116", "city": "Plano", "state": "TX"}}, {"type": "Feature", "geometry": {"type": "Point", "coordinates": [-97.046121, 32.711902]}, "properties": {"chain": "happylamb", "name": "Happy Lamb Hot Pot", "sector": "food_drink", "fr": 0, "fdd": 0, "kind": "store", "status": "open", "address": "2625 W Pioneer Pkwy #203", "city": "Grand Prairie", "state": "TX"}}, {"type": "Feature", "geometry": {"type": "Point", "coordinates": [-87.644312, 41.931547]}, "properties": {"chain": "happylamb", "name": "Happy Lamb Hot Pot", "sector": "food_drink", "fr": 0, "fdd": 0, "kind": "store", "status": "open", "address": "2707 N Clark St", "city": "Chicago", "state": "IL"}}, {"type": "Feature", "geometry": {"type": "Point", "coordinates": [-87.646143, 41.835618]}, "properties": {"chain": "happylamb", "name": "Happy Lamb Hot Pot", "sector": "food_drink", "fr": 0, "fdd": 0, "kind": "store", "status": "open", "address": "3207 S Halsted St", "city": "Chicago", "state": "IL"}}, {"type": "Feature", "geometry": {"type": "Point", "coordinates": [-122.021702, 37.587439]}, "properties": {"chain": "happylamb", "name": "Happy Lamb Hot Pot", "sector": "food_drink", "fr": 0, "fdd": 0, "kind": "store", "status": "open", "address": "34396 Alvarado-Niles Rd", "city": "Union City", "state": "CA"}}, {"type": "Feature", "geometry": {"type": "Point", "coordinates": [-122.797804, 45.491832]}, "properties": {"chain": "happylamb", "name": "Happy Lamb Hot Pot", "sector": "food_drink", "fr": 0, "fdd": 0, "kind": "store", "status": "open", "address": "3861 SW 117th Ave A", "city": "Beaverton", "state": "OR"}}, {"type": "Feature", "geometry": {"type": "Point", "coordinates": [-115.137878, 36.115346]}, "properties": {"chain": "happylamb", "name": "Happy Lamb Hot Pot", "sector": "food_drink", "fr": 0, "fdd": 0, "kind": "store", "status": "open", "address": "4055 S Maryland Parkway #4055", "city": "Las Vegas", "state": "NV"}}, {"type": "Feature", "geometry": {"type": "Point", "coordinates": [-121.865957, 37.703407]}, "properties": {"chain": "happylamb", "name": "Happy Lamb Hot Pot", "sector": "food_drink", "fr": 0, "fdd": 0, "kind": "store", "status": "open", "address": "4068 Grafton St", "city": "Dublin", "state": "CA"}}, {"type": "Feature", "geometry": {"type": "Point", "coordinates": [-71.101266, 42.364025]}, "properties": {"chain": "happylamb", "name": "Happy Lamb Hot Pot", "sector": "food_drink", "fr": 0, "fdd": 0, "kind": "store", "status": "open", "address": "485 Massachusetts Ave", "city": "Cambridge", "state": "MA"}}, {"type": "Feature", "geometry": {"type": "Point", "coordinates": [-95.485374, 29.737671]}, "properties": {"chain": "happylamb", "name": "Happy Lamb Hot Pot", "sector": "food_drink", "fr": 0, "fdd": 0, "kind": "store", "status": "open", "address": "5901 Westheimer Rd STE A", "city": "Houston", "state": "TX"}}, {"type": "Feature", "geometry": {"type": "Point", "coordinates": [-122.325871, 47.597455]}, "properties": {"chain": "happylamb", "name": "Happy Lamb Hot Pot", "sector": "food_drink", "fr": 0, "fdd": 0, "kind": "store", "status": "open", "address": "609 S Weller St", "city": "Seattle", "state": "WA"}}, {"type": "Feature", "geometry": {"type": "Point", "coordinates": [-111.88982, 40.629455]}, "properties": {"chain": "happylamb", "name": "Happy Lamb Hot Pot", "sector": "food_drink", "fr": 0, "fdd": 0, "kind": "store", "status": "open", "address": "6562 S State Street", "city": "Murray", "state": "UT"}}, {"type": "Feature", "geometry": {"type": "Point", "coordinates": [-77.153678, 38.872792]}, "properties": {"chain": "happylamb", "name": "Happy Lamb Hot Pot", "sector": "food_drink", "fr": 0, "fdd": 0, "kind": "store", "status": "open", "address": "6799 Wilson Blvd #10", "city": "Falls Church", "state": "VA"}}, {"type": "Feature", "geometry": {"type": "Point", "coordinates": [-71.06287, 42.351416]}, "properties": {"chain": "happylamb", "name": "Happy Lamb Hot Pot", "sector": "food_drink", "fr": 0, "fdd": 0, "kind": "store", "status": "open", "address": "693 Washington St", "city": "Boston", "state": "MA"}}, {"type": "Feature", "geometry": {"type": "Point", "coordinates": [-121.45806, 38.493879]}, "properties": {"chain": "happylamb", "name": "Happy Lamb Hot Pot", "sector": "food_drink", "fr": 0, "fdd": 0, "kind": "store", "status": "open", "address": "7271 Franklin Blvd", "city": "Sacramento", "state": "CA"}}, {"type": "Feature", "geometry": {"type": "Point", "coordinates": [-95.533379, 29.705099]}, "properties": {"chain": "happylamb", "name": "Happy Lamb Hot Pot", "sector": "food_drink", "fr": 0, "fdd": 0, "kind": "store", "status": "open", "address": "8488 Bellaire Blvd", "city": "Houston", "state": "TX"}}, {"type": "Feature", "geometry": {"type": "Point", "coordinates": [-118.0315996, 34.1300499]}, "properties": {"chain": "mixue", "name": "MIXUE", "sector": "tea", "fr": 1, "fdd": 1, "kind": "store", "status": "coming_soon", "address": "1 West Duarte Road", "city": "Arcadia", "state": "CA"}}, {"type": "Feature", "geometry": {"type": "Point", "coordinates": [-117.9361359, 34.0590064]}, "properties": {"chain": "mixue", "name": "MIXUE", "sector": "tea", "fr": 1, "fdd": 1, "kind": "store", "status": "coming_soon", "address": "963 South Glendora Avenue", "city": "West Covina", "state": "CA"}}, {"type": "Feature", "geometry": {"type": "Point", "coordinates": [-71.1311906, 42.3511786]}, "properties": {"chain": "mixue", "name": "MIXUE", "sector": "tea", "fr": 1, "fdd": 1, "kind": "store", "status": "coming_soon", "address": "178 Harvard Avenue", "city": "Boston", "state": "MA"}}, {"type": "Feature", "geometry": {"type": "Point", "coordinates": [-74.0080507, 40.6366609]}, "properties": {"chain": "mixue", "name": "MIXUE", "sector": "tea", "fr": 1, "fdd": 1, "kind": "store", "status": "coming_soon", "address": "5721 8th Avenue", "city": "Brooklyn", "state": "NY"}}, {"type": "Feature", "geometry": {"type": "Point", "coordinates": [-73.8841096, 40.7474415]}, "properties": {"chain": "mixue", "name": "MIXUE", "sector": "tea", "fr": 1, "fdd": 1, "kind": "store", "status": "coming_soon", "address": "81-18 Roosevelt Avenue", "city": "Queens", "state": "NY"}}, {"type": "Feature", "geometry": {"type": "Point", "coordinates": [-73.9980159, 40.6041972]}, "properties": {"chain": "mixue", "name": "MIXUE", "sector": "tea", "fr": 1, "fdd": 1, "kind": "store", "status": "coming_soon", "address": "2014 86th Street", "city": "Brooklyn", "state": "NY"}}, {"type": "Feature", "geometry": {"type": "Point", "coordinates": [-73.836407, 40.7572381]}, "properties": {"chain": "mixue", "name": "MIXUE", "sector": "tea", "fr": 1, "fdd": 1, "kind": "store", "status": "coming_soon", "address": "40-24 College Point Boulevard", "city": "Queens", "state": "NY"}}, {"type": "Feature", "geometry": {"type": "Point", "coordinates": [-73.9474554, 40.6323504]}, "properties": {"chain": "mixue", "name": "MIXUE", "sector": "tea", "fr": 1, "fdd": 1, "kind": "store", "status": "coming_soon", "address": "1566 Flatbush Avenue", "city": "Brooklyn", "state": "NY"}}, {"type": "Feature", "geometry": {"type": "Point", "coordinates": [-71.0240519, 42.2721589]}, "properties": {"chain": "mixue", "name": "MIXUE", "sector": "tea", "fr": 1, "fdd": 1, "kind": "store", "status": "coming_soon", "address": "451 Hancock Street", "city": "Quincy", "state": "MA"}}, {"type": "Feature", "geometry": {"type": "Point", "coordinates": [-111.8896619, 40.6979677]}, "properties": {"chain": "mixue", "name": "MIXUE", "sector": "tea", "fr": 1, "fdd": 1, "kind": "store", "status": "coming_soon", "address": "3390 South State Street", "city": "South Salt Lake", "state": "UT"}}, {"type": "Feature", "geometry": {"type": "Point", "coordinates": [-117.6019444, 34.1061111]}, "properties": {"chain": "mixue", "name": "MIXUE", "sector": "tea", "fr": 1, "fdd": 1, "kind": "store", "status": "coming_soon", "address": "9309 Foothill Boulevard", "city": "Rancho Cucamonga", "state": "CA"}}, {"type": "Feature", "geometry": {"type": "Point", "coordinates": [-122.3240309, 37.5668235]}, "properties": {"chain": "mixue", "name": "MIXUE", "sector": "tea", "fr": 1, "fdd": 1, "kind": "store", "status": "coming_soon", "address": "110 South B Street", "city": "San Mateo", "state": "CA"}}, {"type": "Feature", "geometry": {"type": "Point", "coordinates": [-117.8125999, 34.00066899999999]}, "properties": {"chain": "mixue", "name": "MIXUE", "sector": "tea", "fr": 1, "fdd": 1, "kind": "store", "status": "coming_soon", "address": "1223 South Diamond Bar Boulevard", "city": "Diamond Bar", "state": "CA"}}, {"type": "Feature", "geometry": {"type": "Point", "coordinates": [-118.2752127, 34.0281991]}, "properties": {"chain": "mixue", "name": "MIXUE", "sector": "tea", "fr": 1, "fdd": 1, "kind": "store", "status": "coming_soon", "address": "2534 S Figueroa St", "city": "Los Angeles", "state": "CA"}}, {"type": "Feature", "geometry": {"type": "Point", "coordinates": [-118.1224104, 34.0632934]}, "properties": {"chain": "mixue", "name": "MIXUE", "sector": "tea", "fr": 1, "fdd": 1, "kind": "store", "status": "coming_soon", "address": "GARFIELD LINCOLN CENTER Northeast Corner of Garfield and Garvey", "city": "Monterey Park", "state": "CA"}}, {"type": "Feature", "geometry": {"type": "Point", "coordinates": [-95.595928, 29.736464]}, "properties": {"chain": "xiaolongkan", "name": "Shoo Loong Kan Hotpot", "sector": "food_drink", "fr": 1, "fdd": null, "kind": "store", "status": "coming_soon", "address": "12220 Westheimer Rd B260", "city": "Houston", "state": "TX"}}, {"type": "Feature", "geometry": {"type": "Point", "coordinates": [-122.198932, 47.611637]}, "properties": {"chain": "xiaolongkan", "name": "Shoo Loong Kan Hotpot", "sector": "food_drink", "fr": 1, "fdd": null, "kind": "store", "status": "coming_soon", "address": "165 106th Ave NE", "city": "Bellevue", "state": "WA"}}, {"type": "Feature", "geometry": {"type": "Point", "coordinates": [-117.885743, 33.688201]}, "properties": {"chain": "xiaolongkan", "name": "Shoo Loong Kan Hotpot", "sector": "food_drink", "fr": 1, "fdd": null, "kind": "store", "status": "coming_soon", "address": "3333 Bristol St", "city": "Costa Mesa", "state": "CA"}}, {"type": "Feature", "geometry": {"type": "Point", "coordinates": [-117.145388, 32.832859]}, "properties": {"chain": "xiaolongkan", "name": "Shoo Loong Kan Hotpot", "sector": "food_drink", "fr": 1, "fdd": null, "kind": "store", "status": "coming_soon", "address": "8316 Clairemont Mesa Blvd.", "city": "San Diego", "state": "CA"}}, {"type": "Feature", "geometry": {"type": "Point", "coordinates": [-87.625924, 41.86843]}, "properties": {"chain": "aunteajenny", "name": "Auntea Jenny", "sector": "tea", "fr": null, "fdd": null, "kind": "store", "status": "coming_soon", "address": "1150 S Wabash Ave. Chicago", "city": null, "state": "IL"}}, {"type": "Feature", "geometry": {"type": "Point", "coordinates": [-73.983425, 40.749876]}, "properties": {"chain": "aunteajenny", "name": "Auntea Jenny", "sector": "tea", "fr": null, "fdd": null, "kind": "store", "status": "coming_soon", "address": "393 5th Ave. New York", "city": null, "state": "NY"}}, {"type": "Feature", "geometry": {"type": "Point", "coordinates": [-73.9964, 40.737841]}, "properties": {"chain": "aunteajenny", "name": "Auntea Jenny", "sector": "tea", "fr": null, "fdd": null, "kind": "store", "status": "coming_soon", "address": "544 6th ave. New York", "city": null, "state": "NY"}}, {"type": "Feature", "geometry": {"type": "Point", "coordinates": [-118.345818, 33.831229]}, "properties": {"chain": "aunteajenny", "name": "Auntea Jenny", "sector": "tea", "fr": null, "fdd": null, "kind": "store", "status": "coming_soon", "address": "3525 W Carson St Unit 76", "city": "Torrance", "state": "CA"}}, {"type": "Feature", "geometry": {"type": "Point", "coordinates": [-118.05451, 34.130727]}, "properties": {"chain": "aunteajenny", "name": "Auntea Jenny", "sector": "tea", "fr": null, "fdd": null, "kind": "store", "status": "coming_soon", "address": "860 S Baldwin Ave", "city": "Arcadia", "state": "CA"}}, {"type": "Feature", "geometry": {"type": "Point", "coordinates": [-122.322747, 37.565908]}, "properties": {"chain": "aunteajenny", "name": "Auntea Jenny", "sector": "tea", "fr": null, "fdd": null, "kind": "store", "status": "coming_soon", "address": "253 S B St", "city": "San Mateo", "state": "CA"}}, {"type": "Feature", "geometry": {"type": "Point", "coordinates": [-122.161106, 37.446285]}, "properties": {"chain": "aunteajenny", "name": "Auntea Jenny", "sector": "tea", "fr": null, "fdd": null, "kind": "store", "status": "coming_soon", "address": "328 University Ave", "city": "Palo Alto", "state": "CA"}}, {"type": "Feature", "geometry": {"type": "Point", "coordinates": [-117.954836, 33.729605]}, "properties": {"chain": "aunteajenny", "name": "Auntea Jenny", "sector": "tea", "fr": null, "fdd": null, "kind": "store", "status": "coming_soon", "address": "16051 Brookhurst St. Unit F", "city": "Fountain Valley", "state": "CA"}}, {"type": "Feature", "geometry": {"type": "Point", "coordinates": [-117.992957, 33.77521]}, "properties": {"chain": "aunteajenny", "name": "Auntea Jenny", "sector": "tea", "fr": null, "fdd": null, "kind": "store", "status": "coming_soon", "address": "12885 Beach Blvd. Stanton", "city": null, "state": "CA"}}, {"type": "Feature", "geometry": {"type": "Point", "coordinates": [-117.839708, 33.649312]}, "properties": {"chain": "aunteajenny", "name": "Auntea Jenny", "sector": "tea", "fr": null, "fdd": null, "kind": "store", "status": "coming_soon", "address": "4199 Campus Dr. Ste C", "city": "Irvine", "state": "CA"}}, {"type": "Feature", "geometry": {"type": "Point", "coordinates": [-122.041563, 37.340503]}, "properties": {"chain": "aunteajenny", "name": "Auntea Jenny", "sector": "tea", "fr": null, "fdd": null, "kind": "store", "status": "coming_soon", "address": "1655 Hollenbeck Ave. Sunnyvale", "city": null, "state": "CA"}}, {"type": "Feature", "geometry": {"type": "Point", "coordinates": [-73.661017, 40.752764]}, "properties": {"chain": "moge", "name": "Möge Tee", "sector": "tea", "fr": 1, "fdd": 1, "kind": "store", "status": "coming_soon", "address": "3340 Hillside Avenue", "city": "New Hyde Park", "state": "NY"}}, {"type": "Feature", "geometry": {"type": "Point", "coordinates": [-95.575515, 29.703805]}, "properties": {"chain": "moge", "name": "Möge Tee", "sector": "tea", "fr": 1, "fdd": 1, "kind": "store", "status": "coming_soon", "address": "11205 Bellaire Blvd suite b 2a", "city": "Houston", "state": "TX"}}, {"type": "Feature", "geometry": {"type": "Point", "coordinates": [-77.171539, 38.775556]}, "properties": {"chain": "moge", "name": "Möge Tee", "sector": "tea", "fr": 1, "fdd": 1, "kind": "store", "status": "coming_soon", "address": "6575 Frontier Drive", "city": "Springfield", "state": "VA"}}, {"type": "Feature", "geometry": {"type": "Point", "coordinates": [-73.991211, 40.685753]}, "properties": {"chain": "cotti", "name": "Cotti Coffee", "sector": "coffee", "fr": 1, "fdd": 1, "kind": "sighting", "status": "sighting", "address": "174 Smith St", "city": "Brooklyn", "state": "NY"}}, {"type": "Feature", "geometry": {"type": "Point", "coordinates": [-73.978805, 40.744909]}, "properties": {"chain": "cotti", "name": "Cotti Coffee", "sector": "coffee", "fr": 1, "fdd": 1, "kind": "sighting", "status": "sighting", "address": "482 3rd Ave", "city": "New York", "state": "NY"}}, {"type": "Feature", "geometry": {"type": "Point", "coordinates": [-73.979832, 40.765916]}, "properties": {"chain": "cotti", "name": "Cotti Coffee", "sector": "coffee", "fr": 1, "fdd": 1, "kind": "sighting", "status": "sighting", "address": "912 7th Ave", "city": "New York", "state": "NY"}}, {"type": "Feature", "geometry": {"type": "Point", "coordinates": [-73.992769, 40.747927]}, "properties": {"chain": "cotti", "name": "Cotti Coffee", "sector": "coffee", "fr": 1, "fdd": 1, "kind": "sighting", "status": "sighting", "address": "345 7th Ave Retail B", "city": "New York", "state": "NY"}}, {"type": "Feature", "geometry": {"type": "Point", "coordinates": [-73.986318, 40.732995]}, "properties": {"chain": "cotti", "name": "Cotti Coffee", "sector": "coffee", "fr": 1, "fdd": 1, "kind": "sighting", "status": "sighting", "address": "223 E 14th St", "city": "New York", "state": "NY"}}, {"type": "Feature", "geometry": {"type": "Point", "coordinates": [-73.985227, 40.718942]}, "properties": {"chain": "cotti", "name": "Cotti Coffee", "sector": "coffee", "fr": 1, "fdd": 1, "kind": "sighting", "status": "sighting", "address": "79 Clinton St", "city": "New York", "state": "NY"}}, {"type": "Feature", "geometry": {"type": "Point", "coordinates": [-73.994842, 40.743695]}, "properties": {"chain": "cotti", "name": "Cotti Coffee", "sector": "coffee", "fr": 1, "fdd": 1, "kind": "sighting", "status": "sighting", "address": "170 W 23rd St", "city": "New York", "state": "NY"}}, {"type": "Feature", "geometry": {"type": "Point", "coordinates": [-73.831405, 40.759188]}, "properties": {"chain": "cotti", "name": "Cotti Coffee", "sector": "coffee", "fr": 1, "fdd": 1, "kind": "sighting", "status": "sighting", "address": "135-29 Roosevelt Ave", "city": "Flushing", "state": "NY"}}, {"type": "Feature", "geometry": {"type": "Point", "coordinates": [-73.829187, 40.757455]}, "properties": {"chain": "cotti", "name": "Cotti Coffee", "sector": "coffee", "fr": 1, "fdd": 1, "kind": "sighting", "status": "sighting", "address": "41-28 Main St", "city": "Flushing", "state": "NY"}}, {"type": "Feature", "geometry": {"type": "Point", "coordinates": [-74.005901, 40.638722]}, "properties": {"chain": "cotti", "name": "Cotti Coffee", "sector": "coffee", "fr": 1, "fdd": 1, "kind": "sighting", "status": "sighting", "address": "806 54th St", "city": "Brooklyn", "state": "NY"}}, {"type": "Feature", "geometry": {"type": "Point", "coordinates": [-74.009034, 40.635902]}, "properties": {"chain": "cotti", "name": "Cotti Coffee", "sector": "coffee", "fr": 1, "fdd": 1, "kind": "sighting", "status": "sighting", "address": "5919 8th Ave", "city": "Brooklyn", "state": "NY"}}, {"type": "Feature", "geometry": {"type": "Point", "coordinates": [-73.997208, 40.604052]}, "properties": {"chain": "cotti", "name": "Cotti Coffee", "sector": "coffee", "fr": 1, "fdd": 1, "kind": "sighting", "status": "sighting", "address": "2037 86th St", "city": "Brooklyn", "state": "NY"}}, {"type": "Feature", "geometry": {"type": "Point", "coordinates": [-73.961906, 40.713676]}, "properties": {"chain": "cotti", "name": "Cotti Coffee", "sector": "coffee", "fr": 1, "fdd": 1, "kind": "sighting", "status": "sighting", "address": "314 Bedford Ave", "city": "Brooklyn", "state": "NY"}}, {"type": "Feature", "geometry": {"type": "Point", "coordinates": [-74.111495, 40.571474]}, "properties": {"chain": "cotti", "name": "Cotti Coffee", "sector": "coffee", "fr": 1, "fdd": 1, "kind": "sighting", "status": "sighting", "address": "331 New Dorp Ln", "city": "Staten Island", "state": "NY"}}, {"type": "Feature", "geometry": {"type": "Point", "coordinates": [-73.998964, 40.744759]}, "properties": {"chain": "cotti", "name": "Cotti Coffee", "sector": "coffee", "fr": 1, "fdd": 1, "kind": "sighting", "status": "sighting", "address": "239 8th Ave", "city": "New York", "state": "NY"}}, {"type": "Feature", "geometry": {"type": "Point", "coordinates": [-118.102678, 34.079647]}, "properties": {"chain": "cotti", "name": "Cotti Coffee", "sector": "coffee", "fr": 1, "fdd": 1, "kind": "sighting", "status": "sighting", "address": "227 W Valley Blvd #198C", "city": "San Gabriel", "state": "CA"}}, {"type": "Feature", "geometry": {"type": "Point", "coordinates": [-71.13107, 42.352765]}, "properties": {"chain": "cotti", "name": "Cotti Coffee", "sector": "coffee", "fr": 1, "fdd": 1, "kind": "sighting", "status": "sighting", "address": "122 Brighton Avenue Unit 1", "city": "Boston", "state": "MA"}}, {"type": "Feature", "geometry": {"type": "Point", "coordinates": [-117.824726, 33.735844]}, "properties": {"chain": "cotti", "name": "Cotti Coffee", "sector": "coffee", "fr": 1, "fdd": 1, "kind": "sighting", "status": "sighting", "address": "14089 Newport Ave", "city": "Tustin", "state": "CA"}}, {"type": "Feature", "geometry": {"type": "Point", "coordinates": [-157.97982, 21.397182]}, "properties": {"chain": "cotti", "name": "Cotti Coffee", "sector": "coffee", "fr": 1, "fdd": 1, "kind": "sighting", "status": "sighting", "address": "1000 Kamehameha Hwy Suite C", "city": "Pearl City", "state": "HI"}}, {"type": "Feature", "geometry": {"type": "Point", "coordinates": [-87.625134, 41.879485]}, "properties": {"chain": "cotti", "name": "Cotti Coffee", "sector": "coffee", "fr": 1, "fdd": 1, "kind": "sighting", "status": "sighting", "address": "77 E Adams St", "city": "Chicago", "state": "IL"}}, {"type": "Feature", "geometry": {"type": "Point", "coordinates": [-88.231859, 40.110227]}, "properties": {"chain": "cotti", "name": "Cotti Coffee", "sector": "coffee", "fr": 1, "fdd": 1, "kind": "sighting", "status": "sighting", "address": "509 E Green St Ste C", "city": "Champaign", "state": "IL"}}, {"type": "Feature", "geometry": {"type": "Point", "coordinates": [-87.680319, 42.049869]}, "properties": {"chain": "cotti", "name": "Cotti Coffee", "sector": "coffee", "fr": 1, "fdd": 1, "kind": "sighting", "status": "sighting", "address": "720 Clark St", "city": "Evanston", "state": "IL"}}, {"type": "Feature", "geometry": {"type": "Point", "coordinates": [-77.024031, 38.905596]}, "properties": {"chain": "cotti", "name": "Cotti Coffee", "sector": "coffee", "fr": 1, "fdd": 1, "kind": "sighting", "status": "sighting", "address": "900 M St NW", "city": "Washington", "state": "DC"}}, {"type": "Feature", "geometry": {"type": "Point", "coordinates": [-86.367009, 35.84269]}, "properties": {"chain": "cotti", "name": "Cotti Coffee", "sector": "coffee", "fr": 1, "fdd": 1, "kind": "sighting", "status": "sighting", "address": "1513 E Main St A", "city": "Murfreesboro", "state": "TN"}}, {"type": "Feature", "geometry": {"type": "Point", "coordinates": [-157.854891, 21.29474]}, "properties": {"chain": "cotti", "name": "Cotti Coffee", "sector": "coffee", "fr": 1, "fdd": 1, "kind": "sighting", "status": "sighting", "address": "1000 Auahi St", "city": "Honolulu", "state": "HI"}}, {"type": "Feature", "geometry": {"type": "Point", "coordinates": [-117.813633, 33.735222]}, "properties": {"chain": "yangs", "name": "Yang's Braised Chicken Rice", "sector": "food_drink", "fr": 1, "fdd": 1, "kind": "sighting", "status": "sighting", "address": "13824 Red Hill Ave.", "city": "Tustin", "state": "CA"}}, {"type": "Feature", "geometry": {"type": "Point", "coordinates": [-73.830649, 40.760777]}, "properties": {"chain": "chabaidao", "name": "TeaByDo", "sector": "tea", "fr": null, "fdd": null, "kind": "sighting", "status": "sighting", "address": "38-03 Main St", "city": "Flushing", "state": "NY"}}, {"type": "Feature", "geometry": {"type": "Point", "coordinates": [-117.852886, 33.669966]}, "properties": {"chain": "chabaidao", "name": "TeaByDo", "sector": "tea", "fr": null, "fdd": null, "kind": "sighting", "status": "sighting", "address": "2626 Dupont Dr Ste 040", "city": "Irvine", "state": "CA"}}, {"type": "Feature", "geometry": {"type": "Point", "coordinates": [-122.201769, 47.61972]}, "properties": {"chain": "chabaidao", "name": "TeaByDo", "sector": "tea", "fr": null, "fdd": null, "kind": "sighting", "status": "sighting", "address": "1075 Bellevue Way NE", "city": "Bellevue", "state": "WA"}}, {"type": "Feature", "geometry": {"type": "Point", "coordinates": [-117.160506, 32.832609]}, "properties": {"chain": "yangguofu", "name": "Yangguofu", "sector": "food_drink", "fr": 1, "fdd": 1, "kind": "sighting", "status": "sighting", "address": "7317 Clairemont Mesa Blvd", "city": "San Diego", "state": "CA"}}, {"type": "Feature", "geometry": {"type": "Point", "coordinates": [-121.876721, 37.705494]}, "properties": {"chain": "yangguofu", "name": "Yangguofu", "sector": "food_drink", "fr": 1, "fdd": 1, "kind": "sighting", "status": "sighting", "address": "4288 Dublin Blvd #110", "city": "Dublin", "state": "CA"}}, {"type": "Feature", "geometry": {"type": "Point", "coordinates": [-118.084137, 33.858382]}, "properties": {"chain": "yangguofu", "name": "Yangguofu", "sector": "food_drink", "fr": 1, "fdd": 1, "kind": "sighting", "status": "sighting", "address": "11688 South St #101", "city": "Artesia", "state": "CA"}}, {"type": "Feature", "geometry": {"type": "Point", "coordinates": [-117.72781, 34.001893]}, "properties": {"chain": "yangguofu", "name": "Yangguofu", "sector": "food_drink", "fr": 1, "fdd": 1, "kind": "sighting", "status": "sighting", "address": "3626-M Grand Ave", "city": "Chino Hills", "state": "CA"}}, {"type": "Feature", "geometry": {"type": "Point", "coordinates": [-117.852883, 33.669967]}, "properties": {"chain": "yangguofu", "name": "Yangguofu", "sector": "food_drink", "fr": 1, "fdd": 1, "kind": "sighting", "status": "sighting", "address": "2626 Dupont Drive Suite A090", "city": "Irvine", "state": "CA"}}, {"type": "Feature", "geometry": {"type": "Point", "coordinates": [-118.275653, 34.028581]}, "properties": {"chain": "yangguofu", "name": "Yangguofu", "sector": "food_drink", "fr": 1, "fdd": 1, "kind": "sighting", "status": "sighting", "address": "2526 S Figueroa St", "city": "Los Angeles", "state": "CA"}}, {"type": "Feature", "geometry": {"type": "Point", "coordinates": [-121.917118, 37.42042]}, "properties": {"chain": "yangguofu", "name": "Yangguofu", "sector": "food_drink", "fr": 1, "fdd": 1, "kind": "sighting", "status": "sighting", "address": "540 Barber Ln", "city": "Milpitas", "state": "CA"}}, {"type": "Feature", "geometry": {"type": "Point", "coordinates": [-122.472348, 37.669404]}, "properties": {"chain": "yangguofu", "name": "Yangguofu", "sector": "food_drink", "fr": 1, "fdd": 1, "kind": "sighting", "status": "sighting", "address": "66 Serramonte Center", "city": "Daly City", "state": "CA"}}, {"type": "Feature", "geometry": {"type": "Point", "coordinates": [-122.016334, 37.322803]}, "properties": {"chain": "yangguofu", "name": "Yangguofu", "sector": "food_drink", "fr": 1, "fdd": 1, "kind": "sighting", "status": "sighting", "address": "19672 Stevens Creek Blvd", "city": "Cupertino", "state": "CA"}}, {"type": "Feature", "geometry": {"type": "Point", "coordinates": [-84.289626, 33.906208]}, "properties": {"chain": "yangguofu", "name": "Yangguofu", "sector": "food_drink", "fr": 1, "fdd": 1, "kind": "sighting", "status": "sighting", "address": "6035 Peachtree Rd Suite C-113 & 114", "city": "Doraville", "state": "GA"}}, {"type": "Feature", "geometry": {"type": "Point", "coordinates": [-88.230176, 40.110239]}, "properties": {"chain": "yangguofu", "name": "Yangguofu", "sector": "food_drink", "fr": 1, "fdd": 1, "kind": "sighting", "status": "sighting", "address": "611 E Green St", "city": "Champaign", "state": "IL"}}, {"type": "Feature", "geometry": {"type": "Point", "coordinates": [-86.907108, 40.422782]}, "properties": {"chain": "yangguofu", "name": "Yangguofu", "sector": "food_drink", "fr": 1, "fdd": 1, "kind": "sighting", "status": "sighting", "address": "110 S Chauncey Ave", "city": "West Lafayette", "state": "IN"}}, {"type": "Feature", "geometry": {"type": "Point", "coordinates": [-71.087747, 42.347093]}, "properties": {"chain": "yangguofu", "name": "Yangguofu", "sector": "food_drink", "fr": 1, "fdd": 1, "kind": "sighting", "status": "sighting", "address": "137 Massachusetts Ave", "city": "Boston", "state": "MA"}}, {"type": "Feature", "geometry": {"type": "Point", "coordinates": [-73.98805, 40.732224]}, "properties": {"chain": "yangguofu", "name": "Yangguofu", "sector": "food_drink", "fr": 1, "fdd": 1, "kind": "sighting", "status": "sighting", "address": "92 3rd Ave", "city": "New York", "state": "NY"}}, {"type": "Feature", "geometry": {"type": "Point", "coordinates": [-73.990495, 40.751876]}, "properties": {"chain": "yangguofu", "name": "Yangguofu", "sector": "food_drink", "fr": 1, "fdd": 1, "kind": "sighting", "status": "sighting", "address": "213 W 35th St", "city": "New York", "state": "NY"}}, {"type": "Feature", "geometry": {"type": "Point", "coordinates": [-95.773288, 29.793769]}, "properties": {"chain": "yangguofu", "name": "Yangguofu", "sector": "food_drink", "fr": 1, "fdd": 1, "kind": "sighting", "status": "sighting", "address": "23015 Colonial Pkwy #107", "city": "Katy", "state": "TX"}}, {"type": "Feature", "geometry": {"type": "Point", "coordinates": [-122.262373, 47.453176]}, "properties": {"chain": "yangguofu", "name": "Yangguofu", "sector": "food_drink", "fr": 1, "fdd": 1, "kind": "sighting", "status": "sighting", "address": "16860 Southcenter Pkwy", "city": "Tukwila", "state": "WA"}}, {"type": "Feature", "geometry": {"type": "Point", "coordinates": [-122.313015, 47.663322]}, "properties": {"chain": "yangguofu", "name": "Yangguofu", "sector": "food_drink", "fr": 1, "fdd": 1, "kind": "sighting", "status": "sighting", "address": "4730 University Way NE Suite #103", "city": "Seattle", "state": "WA"}}, {"type": "Feature", "geometry": {"type": "Point", "coordinates": [-122.132483, 47.615956]}, "properties": {"chain": "yangguofu", "name": "Yangguofu", "sector": "food_drink", "fr": 1, "fdd": 1, "kind": "sighting", "status": "sighting", "address": "683 156th Ave SE", "city": "Bellevue", "state": "WA"}}, {"type": "Feature", "geometry": {"type": "Point", "coordinates": [-122.207497, 47.676572]}, "properties": {"chain": "yangguofu", "name": "Yangguofu", "sector": "food_drink", "fr": 1, "fdd": 1, "kind": "sighting", "status": "sighting", "address": "116 Central Way", "city": "Kirkland", "state": "WA"}}, {"type": "Feature", "geometry": {"type": "Point", "coordinates": [-73.831119, 40.758587]}, "properties": {"chain": "fishwithyou", "name": "Fish With You", "sector": "food_drink", "fr": null, "fdd": null, "kind": "sighting", "status": "sighting", "address": "135-25A 40th Rd", "city": "Flushing", "state": "NY"}}, {"type": "Feature", "geometry": {"type": "Point", "coordinates": [-118.297185, 34.06353]}, "properties": {"chain": "fishwithyou", "name": "Fish With You", "sector": "food_drink", "fr": null, "fdd": null, "kind": "sighting", "status": "sighting", "address": "3470 W 6th St #5", "city": "Los Angeles", "state": "CA"}}, {"type": "Feature", "geometry": {"type": "Point", "coordinates": [-76.858877, 39.27949]}, "properties": {"chain": "fishwithyou", "name": "Fish With You", "sector": "food_drink", "fr": null, "fdd": null, "kind": "sighting", "status": "sighting", "address": "10040 Baltimore National Pike E200", "city": "Ellicott City", "state": "MD"}}, {"type": "Feature", "geometry": {"type": "Point", "coordinates": [-117.852883, 33.669967]}, "properties": {"chain": "fishwithyou", "name": "Fish With You", "sector": "food_drink", "fr": null, "fdd": null, "kind": "sighting", "status": "sighting", "address": "2626 Dupont Dr a50", "city": "Irvine", "state": "CA"}}, {"type": "Feature", "geometry": {"type": "Point", "coordinates": [-117.905142, 33.993327]}, "properties": {"chain": "fishwithyou", "name": "Fish With You", "sector": "food_drink", "fr": null, "fdd": null, "kind": "sighting", "status": "sighting", "address": "1330 Fullerton Rd #108", "city": "Rowland Heights", "state": "CA"}}, {"type": "Feature", "geometry": {"type": "Point", "coordinates": [-122.323711, 37.566618]}, "properties": {"chain": "fishwithyou", "name": "Fish With You", "sector": "food_drink", "fr": null, "fdd": null, "kind": "sighting", "status": "sighting", "address": "150 S B St", "city": "San Mateo", "state": "CA"}}, {"type": "Feature", "geometry": {"type": "Point", "coordinates": [-117.15337, 32.814613]}, "properties": {"chain": "fishwithyou", "name": "Fish With You", "sector": "food_drink", "fr": null, "fdd": null, "kind": "sighting", "status": "sighting", "address": "3904 Convoy St #101", "city": "San Diego", "state": "CA"}}, {"type": "Feature", "geometry": {"type": "Point", "coordinates": [-122.032304, 37.32855]}, "properties": {"chain": "fishwithyou", "name": "Fish With You", "sector": "food_drink", "fr": null, "fdd": null, "kind": "sighting", "status": "sighting", "address": "10520 S De Anza Blvd", "city": "Cupertino", "state": "CA"}}, {"type": "Feature", "geometry": {"type": "Point", "coordinates": [-74.010174, 40.635792]}, "properties": {"chain": "fishwithyou", "name": "Fish With You", "sector": "food_drink", "fr": null, "fdd": null, "kind": "sighting", "status": "sighting", "address": "774 60th St", "city": "Brooklyn", "state": "NY"}}, {"type": "Feature", "geometry": {"type": "Point", "coordinates": [-73.832226, 40.759611]}, "properties": {"chain": "nayuki", "name": "Naisnow", "sector": "tea", "fr": 0, "fdd": 0, "kind": "sighting", "status": "sighting", "address": "39-07 Prince St", "city": "Flushing", "state": "NY"}}, {"type": "Feature", "geometry": {"type": "Point", "coordinates": [-73.939626, 40.748172]}, "properties": {"chain": "nayuki", "name": "Naisnow", "sector": "tea", "fr": 0, "fdd": 0, "kind": "sighting", "status": "sighting", "address": "27-53 Jackson Ave", "city": "Long Island City", "state": "NY"}}, {"type": "Feature", "geometry": {"type": "Point", "coordinates": [-73.964901, 40.801431]}, "properties": {"chain": "nayuki", "name": "Naisnow", "sector": "tea", "fr": 0, "fdd": 0, "kind": "sighting", "status": "sighting", "address": "971 Amsterdam Ave", "city": "New York", "state": "NY"}}, {"type": "Feature", "geometry": {"type": "Point", "coordinates": [-73.994908, 40.60267]}, "properties": {"chain": "nayuki", "name": "Naisnow", "sector": "tea", "fr": 0, "fdd": 0, "kind": "sighting", "status": "sighting", "address": "2141 86th St", "city": "Brooklyn", "state": "NY"}}, {"type": "Feature", "geometry": {"type": "Point", "coordinates": [-73.991685, 40.717435]}, "properties": {"chain": "nayuki", "name": "Naisnow", "sector": "tea", "fr": 0, "fdd": 0, "kind": "sighting", "status": "sighting", "address": "303 Grand St", "city": "New York", "state": "NY"}}, {"type": "Feature", "geometry": {"type": "Point", "coordinates": [-118.089855, 34.080139]}, "properties": {"chain": "juewei", "name": "Juewei Yabo", "sector": "snacks", "fr": null, "fdd": null, "kind": "sighting", "status": "sighting", "address": "818 E Valley Blvd", "city": "San Gabriel", "state": "CA"}}, {"type": "Feature", "geometry": {"type": "Point", "coordinates": [-121.94478, 37.323413]}, "properties": {"chain": "taier", "name": "Tai Er Sichuan Cuisine", "sector": "food_drink", "fr": 0, "fdd": 0, "kind": "sighting", "status": "sighting", "address": "2855 STEVENS CREEK BL # 1279", "city": "San Jose", "state": "CA"}}, {"type": "Feature", "geometry": {"type": "Point", "coordinates": [-118.054182, 34.135972]}, "properties": {"chain": "taier", "name": "Tai Er Sichuan Cuisine", "sector": "food_drink", "fr": 0, "fdd": 0, "kind": "sighting", "status": "sighting", "address": "400 S BALDWIN AVE 2325", "city": "Arcadia", "state": "CA"}}, {"type": "Feature", "geometry": {"type": "Point", "coordinates": [-73.834167, 40.760428]}, "properties": {"chain": "taier", "name": "Tai Er Sichuan Cuisine", "sector": "food_drink", "fr": 0, "fdd": 0, "kind": "sighting", "status": "sighting", "address": "133-36 37 AVENUE", "city": "Queens", "state": "NY"}}, {"type": "Feature", "geometry": {"type": "Point", "coordinates": [-122.323238, 37.563525]}, "properties": {"chain": "taier", "name": "Tai Er Sichuan Cuisine", "sector": "food_drink", "fr": 0, "fdd": 0, "kind": "sighting", "status": "sighting", "address": "98 E 4th Ave", "city": "San Mateo", "state": "CA"}}, {"type": "Feature", "geometry": {"type": "Point", "coordinates": [-84.132934, 33.956454]}, "properties": {"chain": "yangguofu", "name": "Yangguofu", "sector": "food_drink", "fr": 1, "fdd": 1, "kind": "sighting", "status": "sighting", "address": "2045 Pleasant Hill Road", "city": "Duluth", "state": "GA"}}, {"type": "Feature", "geometry": {"type": "Point", "coordinates": [-80.257032, 26.154313]}, "properties": {"chain": "yangguofu", "name": "Yangguofu", "sector": "food_drink", "fr": 1, "fdd": 1, "kind": "sighting", "status": "sighting", "address": "2430 N University Dr", "city": "Sunrise", "state": "FL"}}, {"type": "Feature", "geometry": {"type": "Point", "coordinates": [-122.079418, 37.393245]}, "properties": {"chain": "zhangliang", "name": "Zhang Liang Malatang", "sector": "food_drink", "fr": 1, "fdd": null, "kind": "sighting", "status": "sighting", "address": "246 Castro St", "city": "Mountain View", "state": "CA"}}, {"type": "Feature", "geometry": {"type": "Point", "coordinates": [-122.323693, 37.566774]}, "properties": {"chain": "zhangliang", "name": "Zhang Liang Malatang", "sector": "food_drink", "fr": 1, "fdd": null, "kind": "sighting", "status": "sighting", "address": "139 South B Street", "city": "San Mateo", "state": "CA"}}, {"type": "Feature", "geometry": {"type": "Point", "coordinates": [-122.03834, 37.974613]}, "properties": {"chain": "zhangliang", "name": "Zhang Liang Malatang", "sector": "food_drink", "fr": 1, "fdd": null, "kind": "sighting", "status": "sighting", "address": "1845 Willow Pass Rd", "city": "Concord", "state": "CA"}}, {"type": "Feature", "geometry": {"type": "Point", "coordinates": [-118.082961, 34.080419]}, "properties": {"chain": "zhangliang", "name": "Zhang Liang Malatang", "sector": "food_drink", "fr": 1, "fdd": null, "kind": "sighting", "status": "sighting", "address": "8526 Valley Blvd #106", "city": "Rosemead", "state": "CA"}}, {"type": "Feature", "geometry": {"type": "Point", "coordinates": [-118.43617, 34.049122]}, "properties": {"chain": "zhangliang", "name": "Zhang Liang Malatang", "sector": "food_drink", "fr": 1, "fdd": null, "kind": "sighting", "status": "sighting", "address": "1834 Westwood Blvd", "city": "Los Angeles", "state": "CA"}}, {"type": "Feature", "geometry": {"type": "Point", "coordinates": [-117.777994, 33.680373]}, "properties": {"chain": "zhangliang", "name": "Zhang Liang Malatang", "sector": "food_drink", "fr": 1, "fdd": null, "kind": "sighting", "status": "sighting", "address": "15455 Jeffrey Rd Ste 325", "city": "Irvine", "state": "CA"}}, {"type": "Feature", "geometry": {"type": "Point", "coordinates": [-117.905178, 33.992794]}, "properties": {"chain": "zhangliang", "name": "Zhang Liang Malatang", "sector": "food_drink", "fr": 1, "fdd": null, "kind": "sighting", "status": "sighting", "address": "1380 Fullerton Rd #104", "city": "Rowland Heights", "state": "CA"}}, {"type": "Feature", "geometry": {"type": "Point", "coordinates": [-117.151074, 32.832806]}, "properties": {"chain": "zhangliang", "name": "Zhang Liang Malatang", "sector": "food_drink", "fr": 1, "fdd": null, "kind": "sighting", "status": "sighting", "address": "8058 Clairemont Mesa Blvd", "city": "San Diego", "state": "CA"}}, {"type": "Feature", "geometry": {"type": "Point", "coordinates": [-117.091458, 32.67674]}, "properties": {"chain": "zhangliang", "name": "Zhang Liang Malatang", "sector": "food_drink", "fr": 1, "fdd": null, "kind": "sighting", "status": "sighting", "address": "1430 E Plaza Blvd E20", "city": "National City", "state": "CA"}}, {"type": "Feature", "geometry": {"type": "Point", "coordinates": [-122.153815, 47.629965]}, "properties": {"chain": "zhangliang", "name": "Zhang Liang Malatang", "sector": "food_drink", "fr": 1, "fdd": null, "kind": "sighting", "status": "sighting", "address": "2221 140th Ave NE", "city": "Bellevue", "state": "WA"}}, {"type": "Feature", "geometry": {"type": "Point", "coordinates": [-73.828387, 40.760064]}, "properties": {"chain": "zhangliang", "name": "Zhang Liang Malatang", "sector": "food_drink", "fr": 1, "fdd": null, "kind": "sighting", "status": "sighting", "address": "136-49 Roosevelt Ave", "city": "Flushing", "state": "NY"}}, {"type": "Feature", "geometry": {"type": "Point", "coordinates": [-73.998117, 40.716104]}, "properties": {"chain": "zhangliang", "name": "Zhang Liang Malatang", "sector": "food_drink", "fr": 1, "fdd": null, "kind": "sighting", "status": "sighting", "address": "66 Mott St", "city": "New York", "state": "NY"}}, {"type": "Feature", "geometry": {"type": "Point", "coordinates": [-74.045678, 40.721313]}, "properties": {"chain": "zhangliang", "name": "Zhang Liang Malatang", "sector": "food_drink", "fr": 1, "fdd": null, "kind": "sighting", "status": "sighting", "address": "185 Newark Ave", "city": "Jersey City", "state": "NJ"}}, {"type": "Feature", "geometry": {"type": "Point", "coordinates": [-73.977689, 40.855631]}, "properties": {"chain": "zhangliang", "name": "Zhang Liang Malatang", "sector": "food_drink", "fr": 1, "fdd": null, "kind": "sighting", "status": "sighting", "address": "493 Main St", "city": "Fort Lee", "state": "NJ"}}, {"type": "Feature", "geometry": {"type": "Point", "coordinates": [-122.267744, 37.86843]}, "properties": {"chain": "zhangliang", "name": "Zhang Liang Malatang", "sector": "food_drink", "fr": 1, "fdd": null, "kind": "sighting", "status": "sighting", "address": "2237 Shattuck Ave", "city": "Berkeley", "state": "CA"}}, {"type": "Feature", "geometry": {"type": "Point", "coordinates": [-121.853043, 37.706202]}, "properties": {"chain": "zhangliang", "name": "Zhang Liang Malatang", "sector": "food_drink", "fr": 1, "fdd": null, "kind": "sighting", "status": "sighting", "address": "2700 Dublin Blvd", "city": "Dublin", "state": "CA"}}, {"type": "Feature", "geometry": {"type": "Point", "coordinates": [-121.432754, 38.500716]}, "properties": {"chain": "zhangliang", "name": "Zhang Liang Malatang", "sector": "food_drink", "fr": 1, "fdd": null, "kind": "sighting", "status": "sighting", "address": "6914 65th St #301", "city": "Sacramento", "state": "CA"}}, {"type": "Feature", "geometry": {"type": "Point", "coordinates": [-117.916705, 33.990241]}, "properties": {"chain": "chahalo", "name": "ChaHalo", "sector": "tea", "fr": null, "fdd": null, "kind": "sighting", "status": "sighting", "address": "17823 Colima Rd", "city": "City of Industry", "state": "CA"}}, {"type": "Feature", "geometry": {"type": "Point", "coordinates": [-122.269784, 37.872089]}, "properties": {"chain": "chahalo", "name": "ChaHalo", "sector": "tea", "fr": null, "fdd": null, "kind": "sighting", "status": "sighting", "address": "2041 University Ave", "city": "Berkeley", "state": "CA"}}, {"type": "Feature", "geometry": {"type": "Point", "coordinates": [-73.998165, 40.716297]}, "properties": {"chain": "chahalo", "name": "ChaHalo", "sector": "tea", "fr": null, "fdd": null, "kind": "sighting", "status": "sighting", "address": "79 Mott St", "city": "New York", "state": "NY"}}, {"type": "Feature", "geometry": {"type": "Point", "coordinates": [-117.889575, 33.992005]}, "properties": {"chain": "lelecha", "name": "Lelecha", "sector": "tea", "fr": null, "fdd": null, "kind": "sighting", "status": "sighting", "address": "18888 Labin Ct Ste 105A", "city": "Rowland Heights", "state": "CA"}}, {"type": "Feature", "geometry": {"type": "Point", "coordinates": [-73.832496, 40.761104]}, "properties": {"chain": "nonggengji", "name": "Nong Geng Ji", "sector": "food_drink", "fr": null, "fdd": null, "kind": "sighting", "status": "sighting", "address": "135-15 37th Ave", "city": "Queens", "state": "NY"}}, {"type": "Feature", "geometry": {"type": "Point", "coordinates": [-73.831473, 40.759165]}, "properties": {"chain": "baospastry", "name": "Bao's Pastry", "sector": "bakery", "fr": null, "fdd": null, "kind": "sighting", "status": "sighting", "address": "135-25 Roosevelt Ave", "city": "Flushing", "state": "NY"}}, {"type": "Feature", "geometry": {"type": "Point", "coordinates": [-73.986021, 40.757017]}, "properties": {"chain": "toptoy", "name": "TOP TOY", "sector": "lifestyle_variety", "fr": null, "fdd": null, "kind": "sighting", "status": "sighting", "address": "1515 Broadway", "city": "New York", "state": "NY"}}, {"type": "Feature", "geometry": {"type": "Point", "coordinates": [-83.98405, 34.073109]}, "properties": {"chain": "toys52", "name": "52Toys", "sector": "lifestyle_variety", "fr": null, "fdd": null, "kind": "sighting", "status": "sighting", "address": "3333 Buford Dr", "city": "Buford", "state": "GA"}}, {"type": "Feature", "geometry": {"type": "Point", "coordinates": [-84.28969, 33.907166]}, "properties": {"chain": "toys52", "name": "52Toys", "sector": "lifestyle_variety", "fr": null, "fdd": null, "kind": "sighting", "status": "sighting", "address": "6035 Peachtree Rd Ste A-218", "city": "Doraville", "state": "GA"}}, {"type": "Feature", "geometry": {"type": "Point", "coordinates": [-73.967356, 40.803384]}, "properties": {"chain": "heytea", "name": "HEYTEA", "sector": "tea", "fr": 1, "fdd": null, "kind": "sighting", "status": "sighting", "address": "2815 Broadway", "city": "New York", "state": "NY"}}, {"type": "Feature", "geometry": {"type": "Point", "coordinates": [-73.987705, 40.728432]}, "properties": {"chain": "heytea", "name": "HEYTEA", "sector": "tea", "fr": 1, "fdd": null, "kind": "sighting", "status": "sighting", "address": "128 2nd Ave", "city": "New York", "state": "NY"}}, {"type": "Feature", "geometry": {"type": "Point", "coordinates": [-73.94032, 40.749758]}, "properties": {"chain": "heytea", "name": "HEYTEA", "sector": "tea", "fr": 1, "fdd": null, "kind": "sighting", "status": "sighting", "address": "42-20 27th St", "city": "Long Island City", "state": "NY"}}, {"type": "Feature", "geometry": {"type": "Point", "coordinates": [-73.994421, 40.730085]}, "properties": {"chain": "heytea", "name": "HEYTEA", "sector": "tea", "fr": 1, "fdd": null, "kind": "sighting", "status": "sighting", "address": "10 Waverly Pl", "city": "New York", "state": "NY"}}, {"type": "Feature", "geometry": {"type": "Point", "coordinates": [-73.985283, 40.759017]}, "properties": {"chain": "heytea", "name": "HEYTEA", "sector": "tea", "fr": 1, "fdd": null, "kind": "sighting", "status": "sighting", "address": "1565 Broadway", "city": "New York", "state": "NY"}}, {"type": "Feature", "geometry": {"type": "Point", "coordinates": [-73.956254, 40.779713]}, "properties": {"chain": "heytea", "name": "HEYTEA", "sector": "tea", "fr": 1, "fdd": null, "kind": "sighting", "status": "sighting", "address": "126 East 86th St", "city": "New York", "state": "NY"}}, {"type": "Feature", "geometry": {"type": "Point", "coordinates": [-74.001007, 40.718012]}, "properties": {"chain": "heytea", "name": "HEYTEA", "sector": "tea", "fr": 1, "fdd": null, "kind": "sighting", "status": "sighting", "address": "106 Lafayette St", "city": "New York", "state": "NY"}}, {"type": "Feature", "geometry": {"type": "Point", "coordinates": [-73.9877, 40.728673]}, "properties": {"chain": "dezhuang", "name": "De Zhuang Hot Pot", "sector": "food_drink", "fr": null, "fdd": null, "kind": "sighting", "status": "sighting", "address": "37 St Marks Pl", "city": "New York", "state": "NY"}}, {"type": "Feature", "geometry": {"type": "Point", "coordinates": [-122.146836, 47.627839]}, "properties": {"chain": "dezhuang", "name": "De Zhuang Hot Pot", "sector": "food_drink", "fr": null, "fdd": null, "kind": "sighting", "status": "sighting", "address": "14505 NE 20th St Ste Q", "city": "Bellevue", "state": "WA"}}, {"type": "Feature", "geometry": {"type": "Point", "coordinates": [-118.419834, 34.060013]}, "properties": {"chain": "meizhoudongpo", "name": "Meizhou Dongpo", "sector": "food_drink", "fr": null, "fdd": null, "kind": "sighting", "status": "sighting", "address": "10250 Santa Monica Blvd Ste 200A", "city": "Los Angeles", "state": "CA"}}, {"type": "Feature", "geometry": {"type": "Point", "coordinates": [-117.797595, 33.694879]}, "properties": {"chain": "meizhoudongpo", "name": "Meizhou Dongpo", "sector": "food_drink", "fr": null, "fdd": null, "kind": "sighting", "status": "sighting", "address": "15363 Culver Dr", "city": "Irvine", "state": "CA"}}, {"type": "Feature", "geometry": {"type": "Point", "coordinates": [-71.099202, 42.348957]}, "properties": {"chain": "shudaxia", "name": "Shu Da Xia Hotpot", "sector": "food_drink", "fr": null, "fdd": null, "kind": "sighting", "status": "sighting", "address": "580 Commonwealth Ave", "city": "Boston", "state": "MA"}}, {"type": "Feature", "geometry": {"type": "Point", "coordinates": [-118.275397, 34.086456]}, "properties": {"chain": "xibei", "name": "Xibei", "sector": "food_drink", "fr": null, "fdd": null, "kind": "sighting", "status": "sighting", "address": "3300 W Sunset Blvd Ste 105", "city": "Los Angeles", "state": "CA"}}, {"type": "Feature", "geometry": {"type": "Point", "coordinates": [-118.054181, 34.135972]}, "properties": {"chain": "xibei", "name": "Xibei", "sector": "food_drink", "fr": null, "fdd": null, "kind": "sighting", "status": "sighting", "address": "400 S Baldwin Ave Ste 2045", "city": "Arcadia", "state": "CA"}}, {"type": "Feature", "geometry": {"type": "Point", "coordinates": [-117.867261, 33.774257]}, "properties": {"chain": "xibei", "name": "Xibei", "sector": "food_drink", "fr": null, "fdd": null, "kind": "sighting", "status": "sighting", "address": "2775 N Main St", "city": "Santa Ana", "state": "CA"}}, {"type": "Feature", "geometry": {"type": "Point", "coordinates": [-118.44737, 34.062394]}, "properties": {"chain": "xibei", "name": "Xibei", "sector": "food_drink", "fr": null, "fdd": null, "kind": "sighting", "status": "sighting", "address": "10965 Weyburn Ave", "city": "Los Angeles", "state": "CA"}}, {"type": "Feature", "geometry": {"type": "Point", "coordinates": [-73.991911, 40.741587]}, "properties": {"chain": "grandmashome", "name": "Grandma's Home", "sector": "food_drink", "fr": null, "fdd": null, "kind": "sighting", "status": "sighting", "address": "56 West 22nd St", "city": "New York", "state": "NY"}}, {"type": "Feature", "geometry": {"type": "Point", "coordinates": [-73.832997, 40.760715]}, "properties": {"chain": "xijiade", "name": "Dumpling Xi", "sector": "food_drink", "fr": null, "fdd": null, "kind": "sighting", "status": "sighting", "address": "37-02 Prince St", "city": "Flushing", "state": "NY"}}, {"type": "Feature", "geometry": {"type": "Point", "coordinates": [-73.990336, 40.731145]}, "properties": {"chain": "xijiade", "name": "Dumpling Xi", "sector": "food_drink", "fr": null, "fdd": null, "kind": "sighting", "status": "sighting", "address": "71 4th Ave", "city": "New York", "state": "NY"}}, {"type": "Feature", "geometry": {"type": "Point", "coordinates": [-81.44924, 28.552345]}, "properties": {"chain": "malubianbian", "name": "Malubianbian", "sector": "food_drink", "fr": null, "fdd": null, "kind": "sighting", "status": "sighting", "address": "5062 W Colonial Dr Ste 110", "city": "Orlando", "state": "FL"}}, {"type": "Feature", "geometry": {"type": "Point", "coordinates": [-117.213973, 32.872523]}, "properties": {"chain": "feidachu", "name": "Chef Fei", "sector": "food_drink", "fr": null, "fdd": null, "kind": "sighting", "status": "sighting", "address": "4301 La Jolla Village Dr Ste 2040", "city": "San Diego", "state": "CA"}}, {"type": "Feature", "geometry": {"type": "Point", "coordinates": [-73.941206, 40.749996]}, "properties": {"chain": "dalongyi", "name": "Da Long Yi Hot Pot", "sector": "food_drink", "fr": null, "fdd": null, "kind": "sighting", "status": "sighting", "address": "42-22 Crescent St", "city": "Long Island City", "state": "NY"}}, {"type": "Feature", "geometry": {"type": "Point", "coordinates": [-71.131422, 42.353027]}, "properties": {"chain": "dalongyi", "name": "Da Long Yi Hot Pot", "sector": "food_drink", "fr": null, "fdd": null, "kind": "sighting", "status": "sighting", "address": "137 Brighton Ave", "city": "Boston", "state": "MA"}}, {"type": "Feature", "geometry": {"type": "Point", "coordinates": [-77.145108, 38.868285]}, "properties": {"chain": "shuyi", "name": "Shuyi Grass Jelly & Tea", "sector": "tea", "fr": null, "fdd": null, "kind": "sighting", "status": "sighting", "address": "6122-B Arlington Blvd", "city": "Falls Church", "state": "VA"}}, {"type": "Feature", "geometry": {"type": "Point", "coordinates": [-122.011923, 37.325352]}, "properties": {"chain": "shuyi", "name": "Shuyi Grass Jelly & Tea", "sector": "tea", "fr": null, "fdd": null, "kind": "sighting", "status": "sighting", "address": "10963 N Wolfe Rd", "city": "Cupertino", "state": "CA"}}, {"type": "Feature", "geometry": {"type": "Point", "coordinates": [-121.928164, 37.491097]}, "properties": {"chain": "shuyi", "name": "Shuyi Grass Jelly & Tea", "sector": "tea", "fr": null, "fdd": null, "kind": "sighting", "status": "sighting", "address": "46551 Mission Blvd Unit 102", "city": "Fremont", "state": "CA"}}, {"type": "Feature", "geometry": {"type": "Point", "coordinates": [-122.163253, 37.444324]}, "properties": {"chain": "chabaidao", "name": "TeaByDo", "sector": "tea", "fr": null, "fdd": null, "kind": "sighting", "status": "sighting", "address": "165 UNIVERSITY AV # D", "city": "Palo Alto", "state": "CA"}}, {"type": "Feature", "geometry": {"type": "Point", "coordinates": [-122.032326, 37.30531]}, "properties": {"chain": "chabaidao", "name": "TeaByDo", "sector": "tea", "fr": null, "fdd": null, "kind": "sighting", "status": "sighting", "address": "1147 S DE ANZA BL", "city": "San Jose", "state": "CA"}}, {"type": "Feature", "geometry": {"type": "Point", "coordinates": [-117.926468, 33.99057]}, "properties": {"chain": "cotti", "name": "Cotti Coffee", "sector": "coffee", "fr": 1, "fdd": 1, "kind": "sighting", "status": "sighting", "address": "17418 COLIMA RD", "city": "Rowland Heights", "state": "CA"}}, {"type": "Feature", "geometry": {"type": "Point", "coordinates": [-122.078764, 37.39429]}, "properties": {"chain": "fishwithyou", "name": "Fish With You", "sector": "food_drink", "fr": null, "fdd": null, "kind": "sighting", "status": "sighting", "address": "156 CASTRO ST", "city": "Mountain View", "state": "CA"}}, {"type": "Feature", "geometry": {"type": "Point", "coordinates": [-118.055099, 34.123132]}, "properties": {"chain": "fishwithyou", "name": "Fish With You", "sector": "food_drink", "fr": null, "fdd": null, "kind": "sighting", "status": "sighting", "address": "1431 S BALDWIN AVE", "city": "Arcadia", "state": "CA"}}, {"type": "Feature", "geometry": {"type": "Point", "coordinates": [-121.94478, 37.323413]}, "properties": {"chain": "heytea", "name": "HEYTEA", "sector": "tea", "fr": 1, "fdd": null, "kind": "sighting", "status": "sighting", "address": "2855 STEVENS CREEK BL # 1329", "city": "San Jose", "state": "CA"}}, {"type": "Feature", "geometry": {"type": "Point", "coordinates": [-121.885547, 37.387542]}, "properties": {"chain": "heytea", "name": "HEYTEA", "sector": "tea", "fr": 1, "fdd": null, "kind": "sighting", "status": "sighting", "address": "1628 HOSTETTER RD # H", "city": "San Jose", "state": "CA"}}, {"type": "Feature", "geometry": {"type": "Point", "coordinates": [-122.035709, 37.368693]}, "properties": {"chain": "heytea", "name": "HEYTEA", "sector": "tea", "fr": 1, "fdd": null, "kind": "sighting", "status": "sighting", "address": "302 W EL CAMINO REAL", "city": "Sunnyvale", "state": "CA"}}, {"type": "Feature", "geometry": {"type": "Point", "coordinates": [-121.917883, 37.421711]}, "properties": {"chain": "heytea", "name": "HEYTEA", "sector": "tea", "fr": 1, "fdd": null, "kind": "sighting", "status": "sighting", "address": "372 BARBER LN", "city": "Milpitas", "state": "CA"}}, {"type": "Feature", "geometry": {"type": "Point", "coordinates": [-122.01218, 37.322935]}, "properties": {"chain": "heytea", "name": "HEYTEA", "sector": "tea", "fr": 1, "fdd": null, "kind": "sighting", "status": "sighting", "address": "19469 STEVENS CREEK BL", "city": "Cupertino", "state": "CA"}}, {"type": "Feature", "geometry": {"type": "Point", "coordinates": [-87.632068, 41.851805]}, "properties": {"chain": "heytea", "name": "HEYTEA", "sector": "tea", "fr": 1, "fdd": null, "kind": "sighting", "status": "sighting", "address": "2234 S WENTWORTH AVE", "city": "CHICAGO", "state": "IL"}}, {"type": "Feature", "geometry": {"type": "Point", "coordinates": [-118.404633, 34.070486]}, "properties": {"chain": "heytea", "name": "HEYTEA", "sector": "tea", "fr": 1, "fdd": null, "kind": "sighting", "status": "sighting", "address": "9523 S SANTA MONICA BLVD", "city": "Beverly Hills", "state": "CA"}}, {"type": "Feature", "geometry": {"type": "Point", "coordinates": [-117.907527, 33.988653]}, "properties": {"chain": "heytea", "name": "HEYTEA", "sector": "tea", "fr": 1, "fdd": null, "kind": "sighting", "status": "sighting", "address": "18253 COLIMA RD # 103", "city": "Rowland Heights", "state": "CA"}}, {"type": "Feature", "geometry": {"type": "Point", "coordinates": [-118.134258, 34.067357]}, "properties": {"chain": "heytea", "name": "HEYTEA", "sector": "tea", "fr": 1, "fdd": null, "kind": "sighting", "status": "sighting", "address": "500 N ATLANTIC BLVD # 177", "city": "Monterey Park", "state": "CA"}}, {"type": "Feature", "geometry": {"type": "Point", "coordinates": [-118.258894, 34.144682]}, "properties": {"chain": "heytea", "name": "HEYTEA", "sector": "tea", "fr": 1, "fdd": null, "kind": "sighting", "status": "sighting", "address": "1190 GALLERIA WAY", "city": "Glendale", "state": "CA"}}, {"type": "Feature", "geometry": {"type": "Point", "coordinates": [-118.282692, 34.017306]}, "properties": {"chain": "heytea", "name": "HEYTEA", "sector": "tea", "fr": 1, "fdd": null, "kind": "sighting", "status": "sighting", "address": "3738 S FIGUEROA ST", "city": "Los Angeles", "state": "CA"}}, {"type": "Feature", "geometry": {"type": "Point", "coordinates": [-77.136202, 39.074657]}, "properties": {"chain": "heytea", "name": "HEYTEA", "sector": "tea", "fr": 1, "fdd": null, "kind": "sighting", "status": "sighting", "address": "891-F Rockville Pike", "city": "Rockville", "state": "MD"}}, {"type": "Feature", "geometry": {"type": "Point", "coordinates": [-74.000804, 40.64382]}, "properties": {"chain": "heytea", "name": "HEYTEA", "sector": "tea", "fr": 1, "fdd": null, "kind": "sighting", "status": "sighting", "address": "4505 8 AVENUE", "city": "Brooklyn", "state": "NY"}}, {"type": "Feature", "geometry": {"type": "Point", "coordinates": [-73.987228, 40.75341]}, "properties": {"chain": "heytea", "name": "HEYTEA", "sector": "tea", "fr": 1, "fdd": null, "kind": "sighting", "status": "sighting", "address": "1407 BROADWAY", "city": "Manhattan", "state": "NY"}}, {"type": "Feature", "geometry": {"type": "Point", "coordinates": [-73.831524, 40.762077]}, "properties": {"chain": "heytea", "name": "HEYTEA", "sector": "tea", "fr": 1, "fdd": null, "kind": "sighting", "status": "sighting", "address": "36-56 MAIN STREET", "city": "Queens", "state": "NY"}}, {"type": "Feature", "geometry": {"type": "Point", "coordinates": [-73.986788, 40.692157]}, "properties": {"chain": "heytea", "name": "HEYTEA", "sector": "tea", "fr": 1, "fdd": null, "kind": "sighting", "status": "sighting", "address": "52 WILLOUGHBY STREET", "city": "Brooklyn", "state": "NY"}}, {"type": "Feature", "geometry": {"type": "Point", "coordinates": [-73.995633, 40.602943]}, "properties": {"chain": "heytea", "name": "HEYTEA", "sector": "tea", "fr": 1, "fdd": null, "kind": "sighting", "status": "sighting", "address": "2120 86 STREET", "city": "Brooklyn", "state": "NY"}}, {"type": "Feature", "geometry": {"type": "Point", "coordinates": [-73.99445, 40.718405]}, "properties": {"chain": "heytea", "name": "HEYTEA", "sector": "tea", "fr": 1, "fdd": null, "kind": "sighting", "status": "sighting", "address": "240 GRAND STREET", "city": "Manhattan", "state": "NY"}}, {"type": "Feature", "geometry": {"type": "Point", "coordinates": [-74.010961, 40.637361]}, "properties": {"chain": "heytea", "name": "HEYTEA", "sector": "tea", "fr": 1, "fdd": null, "kind": "sighting", "status": "sighting", "address": "705 59 STREET", "city": "Brooklyn", "state": "NY"}}, {"type": "Feature", "geometry": {"type": "Point", "coordinates": [-73.988024, 40.749742]}, "properties": {"chain": "heytea", "name": "HEYTEA", "sector": "tea", "fr": 1, "fdd": null, "kind": "sighting", "status": "sighting", "address": "1293 BROADWAY", "city": "Manhattan", "state": "NY"}}, {"type": "Feature", "geometry": {"type": "Point", "coordinates": [-73.832648, 40.760081]}, "properties": {"chain": "heytea", "name": "HEYTEA", "sector": "tea", "fr": 1, "fdd": null, "kind": "sighting", "status": "sighting", "address": "38-02 PRINCE STREET", "city": "Queens", "state": "NY"}}, {"type": "Feature", "geometry": {"type": "Point", "coordinates": [-122.193553, 47.616462]}, "properties": {"chain": "heytea", "name": "HEYTEA", "sector": "tea", "fr": 1, "fdd": null, "kind": "sighting", "status": "sighting", "address": "700 110th AVE NE", "city": "BELLEVUE", "state": "WA"}}, {"type": "Feature", "geometry": {"type": "Point", "coordinates": [-122.339579, 47.619763]}, "properties": {"chain": "heytea", "name": "HEYTEA", "sector": "tea", "fr": 1, "fdd": null, "kind": "sighting", "status": "sighting", "address": "910 John ST", "city": "SEATTLE", "state": "WA"}}, {"type": "Feature", "geometry": {"type": "Point", "coordinates": [-87.631923, 41.855279]}, "properties": {"chain": "juewei", "name": "Juewei Yabo", "sector": "snacks", "fr": null, "fdd": null, "kind": "sighting", "status": "sighting", "address": "2002 S WENTWORTH AVE", "city": "CHICAGO", "state": "IL"}}, {"type": "Feature", "geometry": {"type": "Point", "coordinates": [-122.011923, 37.325352]}, "properties": {"chain": "nayuki", "name": "Naisnow", "sector": "tea", "fr": 0, "fdd": 0, "kind": "sighting", "status": "sighting", "address": "19600 VALLCO PY # 100", "city": "Cupertino", "state": "CA"}}, {"type": "Feature", "geometry": {"type": "Point", "coordinates": [-118.102678, 34.079647]}, "properties": {"chain": "nayuki", "name": "Naisnow", "sector": "tea", "fr": 0, "fdd": 0, "kind": "sighting", "status": "sighting", "address": "227 W VALLEY BLVD 118B", "city": "San Gabriel", "state": "CA"}}, {"type": "Feature", "geometry": {"type": "Point", "coordinates": [-118.054986, 34.125027]}, "properties": {"chain": "yangguofu", "name": "Yangguofu", "sector": "food_drink", "fr": 1, "fdd": 1, "kind": "sighting", "status": "sighting", "address": "1311 S BALDWIN AVE A", "city": "Arcadia", "state": "CA"}}, {"type": "Feature", "geometry": {"type": "Point", "coordinates": [-117.828062, 33.698611]}, "properties": {"chain": "moreyogurt", "name": "More Yogurt", "sector": "tea", "fr": 0, "fdd": 0, "kind": "sighting", "status": "sighting", "address": "2471 Park Ave", "city": "Tustin", "state": "CA"}}, {"type": "Feature", "geometry": {"type": "Point", "coordinates": [-73.832881, 40.760801]}, "properties": {"chain": "moreyogurt", "name": "More Yogurt", "sector": "tea", "fr": 0, "fdd": 0, "kind": "sighting", "status": "sighting", "address": "37-05 Prince St", "city": "Flushing", "state": "NY"}}, {"type": "Feature", "geometry": {"type": "Point", "coordinates": [-118.400909, 34.068974]}, "properties": {"chain": "anta", "name": "Anta", "sector": "apparel", "fr": 0, "fdd": 0, "kind": "sighting", "status": "sighting", "address": "330 N Beverly Dr", "city": "Beverly Hills", "state": "CA"}}, {"type": "Feature", "geometry": {"type": "Point", "coordinates": [-73.999219, 40.722646]}, "properties": {"chain": "urbanrevivo", "name": "Urban Revivo", "sector": "apparel", "fr": 0, "fdd": 0, "kind": "sighting", "status": "sighting", "address": "515 Broadway", "city": "New York", "state": "NY"}}, {"type": "Feature", "geometry": {"type": "Point", "coordinates": [-122.407499, 37.784326]}, "properties": {"chain": "jnby", "name": "AGoodFun", "sector": "apparel", "fr": 0, "fdd": 0, "kind": "sighting", "status": "sighting", "address": "865 Market St", "city": "San Francisco", "state": "CA"}}, {"type": "Feature", "geometry": {"type": "Point", "coordinates": [-122.335347, 47.612214]}, "properties": {"chain": "jnby", "name": "AGoodFun", "sector": "apparel", "fr": 0, "fdd": 0, "kind": "sighting", "status": "sighting", "address": "600 Pine St", "city": "Seattle", "state": "WA"}}, {"type": "Feature", "geometry": {"type": "Point", "coordinates": [-73.993912, 40.723511]}, "properties": {"chain": "meilleurmoment", "name": "Meilleur Moment", "sector": "apparel", "fr": 0, "fdd": 0, "kind": "sighting", "status": "sighting", "address": "257 Elizabeth St", "city": "New York", "state": "NY"}}, {"type": "Feature", "geometry": {"type": "Point", "coordinates": [-96.687399, 33.066532]}, "properties": {"chain": "chahalo", "name": "ChaHalo", "sector": "tea", "fr": null, "fdd": null, "kind": "sighting", "status": "sighting", "address": "6809 N Central Expy #500", "city": "Plano", "state": "TX"}}, {"type": "Feature", "geometry": {"type": "Point", "coordinates": [-95.555272, 29.704552]}, "properties": {"chain": "chahalo", "name": "ChaHalo", "sector": "tea", "fr": null, "fdd": null, "kind": "sighting", "status": "sighting", "address": "9889 Bellaire Blvd Ste 111", "city": "Houston", "state": "TX"}}, {"type": "Feature", "geometry": {"type": "Point", "coordinates": [-73.832925, 40.760586]}, "properties": {"chain": "chahalo", "name": "ChaHalo", "sector": "tea", "fr": null, "fdd": null, "kind": "sighting", "status": "sighting", "address": "37-06 Prince St", "city": "Flushing", "state": "NY"}}, {"type": "Feature", "geometry": {"type": "Point", "coordinates": [-73.941599, 40.74747]}, "properties": {"chain": "chahalo", "name": "ChaHalo", "sector": "tea", "fr": null, "fdd": null, "kind": "sighting", "status": "sighting", "address": "26-23 Jackson Ave", "city": "Long Island City", "state": "NY"}}, {"type": "Feature", "geometry": {"type": "Point", "coordinates": [-118.103668, 34.079483]}, "properties": {"chain": "dalongyi", "name": "Da Long Yi Hot Pot", "sector": "food_drink", "fr": null, "fdd": null, "kind": "sighting", "status": "sighting", "address": "250 W Valley Blvd", "city": "San Gabriel", "state": "CA"}}, {"type": "Feature", "geometry": {"type": "Point", "coordinates": [-96.7088, 33.030245]}, "properties": {"chain": "fishwithyou", "name": "Fish With You", "sector": "food_drink", "fr": null, "fdd": null, "kind": "sighting", "status": "sighting", "address": "2313 N Central Expy", "city": "Plano", "state": "TX"}}, {"type": "Feature", "geometry": {"type": "Point", "coordinates": [-115.19707, 36.126428]}, "properties": {"chain": "fishwithyou", "name": "Fish With You", "sector": "food_drink", "fr": null, "fdd": null, "kind": "sighting", "status": "sighting", "address": "4258 Spring Mountain Rd", "city": "Las Vegas", "state": "NV"}}, {"type": "Feature", "geometry": {"type": "Point", "coordinates": [-95.461161, 29.740708]}, "properties": {"chain": "heytea", "name": "HEYTEA", "sector": "tea", "fr": 1, "fdd": null, "kind": "sighting", "status": "sighting", "address": "5015 Westheimer Rd", "city": "Houston", "state": "TX"}}, {"type": "Feature", "geometry": {"type": "Point", "coordinates": [-122.267749, 37.870145]}, "properties": {"chain": "heytea", "name": "HEYTEA", "sector": "tea", "fr": 1, "fdd": null, "kind": "sighting", "status": "sighting", "address": "2125 Shattuck Ave", "city": "Berkeley", "state": "CA"}}, {"type": "Feature", "geometry": {"type": "Point", "coordinates": [-118.404485, 34.070686]}, "properties": {"chain": "heytea", "name": "HEYTEA", "sector": "tea", "fr": 1, "fdd": null, "kind": "sighting", "status": "sighting", "address": "479 N Rodeo Dr Ste D", "city": "Beverly Hills", "state": "CA"}}, {"type": "Feature", "geometry": {"type": "Point", "coordinates": [-71.071637, 42.427113]}, "properties": {"chain": "heytea", "name": "HEYTEA", "sector": "tea", "fr": 1, "fdd": null, "kind": "sighting", "status": "sighting", "address": "180 Pleasant St", "city": "Malden", "state": "MA"}}, {"type": "Feature", "geometry": {"type": "Point", "coordinates": [-74.07639, 40.91896]}, "properties": {"chain": "heytea", "name": "HEYTEA", "sector": "tea", "fr": 1, "fdd": null, "kind": "sighting", "status": "sighting", "address": "1 Garden State Plaza Pkwy", "city": "Paramus", "state": "NJ"}}, {"type": "Feature", "geometry": {"type": "Point", "coordinates": [-73.985459, 40.752857]}, "properties": {"chain": "lelecha", "name": "Lelecha", "sector": "tea", "fr": null, "fdd": null, "kind": "sighting", "status": "sighting", "address": "1032 Avenue of the Americas", "city": "New York", "state": "NY"}}, {"type": "Feature", "geometry": {"type": "Point", "coordinates": [-104.902895, 39.653059]}, "properties": {"chain": "yangguofu", "name": "Yangguofu", "sector": "food_drink", "fr": 1, "fdd": 1, "kind": "sighting", "status": "sighting", "address": "7350 E Hampden Ave B2", "city": "Denver", "state": "CO"}}, {"type": "Feature", "geometry": {"type": "Point", "coordinates": [-88.230473, 40.11085]}, "properties": {"chain": "zhangliang", "name": "Zhang Liang Malatang", "sector": "food_drink", "fr": 1, "fdd": null, "kind": "sighting", "status": "sighting", "address": "607 S 6th St", "city": "Champaign", "state": "IL"}}, {"type": "Feature", "geometry": {"type": "Point", "coordinates": [-70.3341, 43.63358]}, "properties": {"chain": "miniso", "name": "MINISO", "sector": "lifestyle_variety", "fr": 1, "fdd": 1, "kind": "sighting", "status": "sighting", "address": "364 Maine Mall Rd", "city": "South Portland", "state": "ME"}}, {"type": "Feature", "geometry": {"type": "Point", "coordinates": [-71.131576, 42.35159]}, "properties": {"chain": "heytea", "name": "HEYTEA", "sector": "tea", "fr": 1, "fdd": null, "kind": "sighting", "status": "sighting", "address": "162 Harvard Ave", "city": "Allston", "state": "MA"}}, {"type": "Feature", "geometry": {"type": "Point", "coordinates": [-71.081296, 42.34998]}, "properties": {"chain": "heytea", "name": "HEYTEA", "sector": "tea", "fr": 1, "fdd": null, "kind": "sighting", "status": "sighting", "address": "223 Newbury St", "city": "Boston", "state": "MA"}}, {"type": "Feature", "geometry": {"type": "Point", "coordinates": [-71.387071, 42.299224]}, "properties": {"chain": "heytea", "name": "HEYTEA", "sector": "tea", "fr": 1, "fdd": null, "kind": "sighting", "status": "sighting", "address": "1245 Worcester St", "city": "Natick", "state": "MA"}}, {"type": "Feature", "geometry": {"type": "Point", "coordinates": [-75.156352, 39.953612]}, "properties": {"chain": "heytea", "name": "HEYTEA", "sector": "tea", "fr": 1, "fdd": null, "kind": "sighting", "status": "sighting", "address": "1001 Arch St", "city": "Philadelphia", "state": "PA"}}, {"type": "Feature", "geometry": {"type": "Point", "coordinates": [-76.817671, 39.188521]}, "properties": {"chain": "shuyi", "name": "Shuyi Grass Jelly & Tea", "sector": "tea", "fr": null, "fdd": null, "kind": "sighting", "status": "sighting", "address": "8865 Stanford Blvd Ste 127", "city": "Columbia", "state": "MD"}}, {"type": "Feature", "geometry": {"type": "Point", "coordinates": [-122.475667, 37.728101]}, "properties": {"chain": "heytea", "name": "HEYTEA", "sector": "tea", "fr": 1, "fdd": null, "kind": "sighting", "status": "sighting", "address": "3251 20th Ave", "city": "San Francisco", "state": "CA"}}, {"type": "Feature", "geometry": {"type": "Point", "coordinates": [-122.403187, 37.783714]}, "properties": {"chain": "heytea", "name": "HEYTEA", "sector": "tea", "fr": 1, "fdd": null, "kind": "sighting", "status": "sighting", "address": "165 4th St", "city": "San Francisco", "state": "CA"}}, {"type": "Feature", "geometry": {"type": "Point", "coordinates": [-117.893759, 34.027786]}, "properties": {"chain": "wallace", "name": "Wallace Chicken", "sector": "food_drink", "fr": null, "fdd": null, "kind": "sighting", "status": "sighting", "address": "18732 Amar Rd", "city": "Walnut", "state": "CA"}}, {"type": "Feature", "geometry": {"type": "Point", "coordinates": [-117.927844, 34.06514]}, "properties": {"chain": "wallace", "name": "Wallace Chicken", "sector": "food_drink", "fr": null, "fdd": null, "kind": "sighting", "status": "sighting", "address": "555 S Glendora Ave", "city": "West Covina", "state": "CA"}}, {"type": "Feature", "geometry": {"type": "Point", "coordinates": [-117.155119, 32.823825]}, "properties": {"chain": "zhengxin", "name": "Zhengxin Chicken Steak", "sector": "food_drink", "fr": null, "fdd": null, "kind": "sighting", "status": "sighting", "address": "4609 Convoy St Ste C", "city": "San Diego", "state": "CA"}}, {"type": "Feature", "geometry": {"type": "Point", "coordinates": [-121.910818, 37.454918]}, "properties": {"chain": "zhengxin", "name": "Zhengxin Chicken Steak", "sector": "food_drink", "fr": null, "fdd": null, "kind": "sighting", "status": "sighting", "address": "1710 N Milpitas Blvd", "city": "Milpitas", "state": "CA"}}, {"type": "Feature", "geometry": {"type": "Point", "coordinates": [-122.41951, 37.755446]}, "properties": {"chain": "zhengxin", "name": "Zhengxin Chicken Steak", "sector": "food_drink", "fr": null, "fdd": null, "kind": "sighting", "status": "sighting", "address": "3234 22nd St", "city": "San Francisco", "state": "CA"}}, {"type": "Feature", "geometry": {"type": "Point", "coordinates": [-73.829637, 40.758705]}, "properties": {"chain": "zhengxin", "name": "Zhengxin Chicken Steak", "sector": "food_drink", "fr": null, "fdd": null, "kind": "sighting", "status": "sighting", "address": "40-33 Main St", "city": "Flushing", "state": "NY"}}, {"type": "Feature", "geometry": {"type": "Point", "coordinates": [-74.011383, 40.633647]}, "properties": {"chain": "zhengxin", "name": "Zhengxin Chicken Steak", "sector": "food_drink", "fr": null, "fdd": null, "kind": "sighting", "status": "sighting", "address": "6315 8th Ave", "city": "Brooklyn", "state": "NY"}}, {"type": "Feature", "geometry": {"type": "Point", "coordinates": [-73.99048, 40.599976]}, "properties": {"chain": "zhengxin", "name": "Zhengxin Chicken Steak", "sector": "food_drink", "fr": null, "fdd": null, "kind": "sighting", "status": "sighting", "address": "2343 86th St", "city": "Brooklyn", "state": "NY"}}, {"type": "Feature", "geometry": {"type": "Point", "coordinates": [-118.398646, 34.068292]}, "properties": {"chain": "hibake", "name": "Hi Bake", "sector": "bakery", "fr": null, "fdd": null, "kind": "sighting", "status": "sighting", "address": "235 N Canon Dr", "city": "Beverly Hills", "state": "CA"}}, {"type": "Feature", "geometry": {"type": "Point", "coordinates": [-118.101611, 34.079584]}, "properties": {"chain": "bingz", "name": "Bingz", "sector": "food_drink", "fr": 0, "fdd": 0, "kind": "sighting", "status": "sighting", "address": "140 W Valley Blvd Ste 118C", "city": "San Gabriel", "state": "CA"}}], "meta": {"collected": "2026-10-05", "days": 33, "generated": "2026-10-05T02:03:26.705842-04:00", "totals": {"open": 698, "hand": 194, "announced": 33, "outlets": 892, "mapped": 892, "unmapped": 0, "roboshops": 106, "prev": 736, "prev_as_of": "2026-09-28"}}}